Row ID,Order ID,Order Date,Ship Date,Ship Mode,Customer ID,Customer Name,Segment,Country,City,State,Postal Code,Region,Product ID,Category,Sub-Category,Product Name,Sales,Quantity,Discount,Profit,AnomalyLabel,AnomalyScore
9040,CA-2016-117121,2016-12-17,2016-12-21,Standard Class,AB-10105,Adrian Barton,Consumer,United States,Detroit,Michigan,48205,Central,OFF-BI-10000545,Office Supplies,Binders,GBC Ibimaster 500 Manual ProClick Binding System,9892.74,13,0.0,4946.37,Anomaly,-0.18738997351042297
9640,CA-2015-116638,2015-01-28,2015-01-31,Second Class,JH-15985,Joseph Holt,Consumer,United States,Concord,North Carolina,28027,South,FUR-TA-10000198,Furniture,Tables,Chromcraft Bull-Nose Wood Oval Conference Tables & Bases,4297.644,13,0.4,-1862.3124,Anomaly,-0.17655492567734143
4191,CA-2017-166709,2017-11-17,2017-11-22,Standard Class,HL-15040,Hunter Lopez,Consumer,United States,Newark,Delaware,19711,East,TEC-CO-10004722,Technology,Copiers,Canon imageCLASS 2200 Advanced Copier,10499.97,3,0.0,5039.9856,Anomaly,-0.1647665129632545
684,US-2017-168116,2017-11-04,2017-11-04,Same Day,GT-14635,Grant Thornton,Corporate,United States,Burlington,North Carolina,27217,South,TEC-MA-10004125,Technology,Machines,Cubify CubeX 3D Printer Triple Head Print,7999.98,4,0.5,-3839.9904,Anomaly,-0.16201825931431557
2698,CA-2014-145317,2014-03-18,2014-03-23,Standard Class,SM-20320,Sean Miller,Home Office,United States,Jacksonville,Florida,32216,South,TEC-MA-10002412,Technology,Machines,Cisco TelePresence System EX90 Videoconferencing Unit,22638.48,6,0.5,-1811.0784,Anomaly,-0.16053684495013198
166,CA-2014-139892,2014-09-08,2014-09-12,Standard Class,BM-11140,Becky Martin,Consumer,United States,San Antonio,Texas,78207,Central,TEC-MA-10000822,Technology,Machines,Lexmark MX611dhe Monochrome Laser Printer,8159.952,8,0.4,-1359.992,Anomaly,-0.15862167658237225
8154,CA-2017-140151,2017-03-23,2017-03-25,First Class,RB-19360,Raymond Buch,Consumer,United States,Seattle,Washington,98115,West,TEC-CO-10004722,Technology,Copiers,Canon imageCLASS 2200 Advanced Copier,13999.96,4,0.0,6719.9808,Anomaly,-0.15810927244349504
7773,CA-2016-108196,2016-11-25,2016-12-02,Standard Class,CS-12505,Cindy Stewart,Consumer,United States,Lancaster,Ohio,43130,East,TEC-MA-10000418,Technology,Machines,Cubify CubeX 3D Printer Double Head Print,4499.985,5,0.7,-6599.978,Anomaly,-0.1568381228539787
6827,CA-2016-118689,2016-10-02,2016-10-09,Standard Class,TC-20980,Tamara Chand,Corporate,United States,Lafayette,Indiana,47905,Central,TEC-CO-10004722,Technology,Copiers,Canon imageCLASS 2200 Advanced Copier,17499.95,5,0.0,8399.976,Anomaly,-0.1568352662853676
2624,CA-2017-127180,2017-10-22,2017-10-24,First Class,TA-21385,Tom Ashbrook,Home Office,United States,New York City,New York,10024,East,TEC-CO-10004722,Technology,Copiers,Canon imageCLASS 2200 Advanced Copier,11199.968,4,0.2,3919.9888,Anomaly,-0.15652751613812987
4099,CA-2014-116904,2014-09-23,2014-09-28,Standard Class,SC-20095,Sanjit Chand,Consumer,United States,Minneapolis,Minnesota,55407,Central,OFF-BI-10001120,Office Supplies,Binders,Ibico EPK-21 Electric Binding System,9449.95,5,0.0,4630.4755,Anomaly,-0.15500080305093433
8489,CA-2016-158841,2016-02-02,2016-02-04,Second Class,SE-20110,Sanjit Engle,Consumer,United States,Arlington,Virginia,22204,South,TEC-MA-10001127,Technology,Machines,"HP Designjet T520 Inkjet Large Format Printer - 24"" Color",8749.95,5,0.0,2799.984,Anomaly,-0.15160544651833596
4278,US-2016-107440,2016-04-16,2016-04-20,Standard Class,BS-11365,Bill Shonely,Corporate,United States,Lakewood,New Jersey,8701,East,TEC-MA-10001047,Technology,Machines,"3D Systems Cube Printer, 2nd Generation, Magenta",9099.93,7,0.0,2365.9818,Anomaly,-0.1505624116430172
6627,CA-2014-145541,2014-12-14,2014-12-21,Standard Class,TB-21400,Tom Boeckenhauer,Consumer,United States,New York City,New York,10024,East,TEC-MA-10001127,Technology,Machines,"HP Designjet T520 Inkjet Large Format Printer - 24"" Color",6999.96,4,0.0,2239.9872,Anomaly,-0.14896524780205977
6426,CA-2016-143714,2016-05-23,2016-05-27,Standard Class,CC-12370,Christopher Conant,Consumer,United States,Philadelphia,Pennsylvania,19120,East,TEC-CO-10004722,Technology,Copiers,Canon imageCLASS 2200 Advanced Copier,8399.976,4,0.4,1119.9968,Anomaly,-0.14730488268675068
9775,CA-2014-169019,2014-07-26,2014-07-30,Standard Class,LF-17185,Luke Foster,Consumer,United States,San Antonio,Texas,78207,Central,OFF-BI-10004995,Office Supplies,Binders,GBC DocuBind P400 Electric Binding System,2177.584,8,0.8,-3701.8928,Anomaly,-0.1470997383647612
7667,US-2016-140158,2016-10-04,2016-10-08,Standard Class,DR-12940,Daniel Raglin,Home Office,United States,Providence,Rhode Island,2908,East,TEC-CO-10001449,Technology,Copiers,Hewlett Packard LaserJet 3310 Copier,5399.91,9,0.0,2591.9568,Anomaly,-0.14684156116532854
7819,CA-2016-138478,2016-10-21,2016-10-26,Second Class,DP-13390,Dennis Pardue,Home Office,United States,North Las Vegas,Nevada,89031,West,OFF-BI-10001120,Office Supplies,Binders,Ibico EPK-21 Electric Binding System,4535.976,3,0.2,1644.2913,Anomaly,-0.14559407502780652
319,CA-2014-164973,2014-11-04,2014-11-09,Standard Class,NM-18445,Nathan Mautz,Home Office,United States,New York City,New York,10024,East,TEC-MA-10002927,Technology,Machines,Canon imageCLASS MF7460 Monochrome Digital Laser Multifunction Copier,3991.98,2,0.0,1995.99,Anomaly,-0.14343484082258007
6521,CA-2017-138289,2017-01-16,2017-01-18,Second Class,AR-10540,Andy Reiter,Consumer,United States,Jackson,Michigan,49201,Central,OFF-BI-10004995,Office Supplies,Binders,GBC DocuBind P400 Electric Binding System,5443.96,4,0.0,2504.2216,Anomaly,-0.1422804784137186
510,CA-2015-145352,2015-03-16,2015-03-22,Standard Class,CM-12385,Christopher Martinez,Consumer,United States,Atlanta,Georgia,30318,South,OFF-BI-10003527,Office Supplies,Binders,Fellowes PB500 Electric Punch Plastic Comb Binding Machine with Manual Bind,6354.95,5,0.0,3177.475,Anomaly,-0.14154666560619833
354,CA-2016-129714,2016-09-01,2016-09-03,First Class,AB-10060,Adam Bellavance,Home Office,United States,New York City,New York,10009,East,OFF-BI-10004995,Office Supplies,Binders,GBC DocuBind P400 Electric Binding System,4355.168,4,0.2,1415.4296,Anomaly,-0.1378720167201276
28,US-2015-150630,2015-09-17,2015-09-21,Standard Class,TB-21520,Tracy Blumstein,Consumer,United States,Philadelphia,Pennsylvania,19140,East,FUR-BO-10004834,Furniture,Bookcases,"Riverside Palais Royal Lawyers Bookcase, Royale Cherry Finish",3083.43,7,0.5,-1665.0522,Anomaly,-0.13777429020401633
8205,CA-2015-114811,2015-11-08,2015-11-08,Same Day,KD-16495,Keith Dawkins,Corporate,United States,New York City,New York,10024,East,TEC-MA-10000045,Technology,Machines,Zebra ZM400 Thermal Label Printer,4643.8,4,0.0,2229.024,Anomaly,-0.137614688622265
252,CA-2016-145625,2016-09-11,2016-09-17,Standard Class,KC-16540,Kelly Collister,Consumer,United States,San Diego,California,92037,West,TEC-AC-10003832,Technology,Accessories,Logitech P710e Mobile Speakerphone,3347.37,13,0.0,636.0003,Anomaly,-0.1374452950239733
7684,CA-2015-120782,2015-04-28,2015-05-01,First Class,SD-20485,Shirley Daniels,Home Office,United States,Midland,Michigan,48640,Central,OFF-BI-10003527,Office Supplies,Binders,Fellowes PB500 Electric Punch Plastic Comb Binding Machine with Manual Bind,3812.97,3,0.0,1906.485,Anomaly,-0.13710718420556445
8991,US-2015-128587,2015-12-24,2015-12-30,Standard Class,HM-14860,Harry Marie,Corporate,United States,Springfield,Missouri,65807,Central,TEC-CO-10003763,Technology,Copiers,Canon PC1060 Personal Laser Copier,4899.93,7,0.0,2302.9671,Anomaly,-0.13594575701230793
1086,US-2016-143819,2016-03-01,2016-03-05,Standard Class,KD-16270,Karen Daniels,Consumer,United States,Yonkers,New York,10701,East,TEC-MA-10003979,Technology,Machines,Ativa V4110MDD Micro-Cut Shredder,4899.93,7,0.0,2400.9657,Anomaly,-0.13594575701230793
3012,CA-2017-134845,2017-04-17,2017-04-23,Standard Class,SR-20425,Sharelle Roach,Home Office,United States,Louisville,Colorado,80027,West,TEC-MA-10000822,Technology,Machines,Lexmark MX611dhe Monochrome Laser Printer,2549.985,5,0.7,-3399.98,Anomaly,-0.13498017819150254
6341,CA-2017-143112,2017-10-05,2017-10-09,Standard Class,TS-21370,Todd Sumrall,Corporate,United States,New York City,New York,10035,East,TEC-MA-10001047,Technology,Machines,"3D Systems Cube Printer, 2nd Generation, Magenta",5199.96,4,0.0,1351.9896,Anomaly,-0.13475243318741892
5311,CA-2017-131254,2017-11-19,2017-11-21,First Class,NC-18415,Nathan Cano,Consumer,United States,Houston,Texas,77095,Central,OFF-BI-10003527,Office Supplies,Binders,Fellowes PB500 Electric Punch Plastic Comb Binding Machine with Manual Bind,1525.188,6,0.8,-2287.782,Anomaly,-0.13407118791397954
7244,CA-2017-118892,2017-08-17,2017-08-22,Second Class,TP-21415,Tom Prescott,Consumer,United States,Philadelphia,Pennsylvania,19134,East,FUR-CH-10002024,Furniture,Chairs,HON 5400 Series Task Chairs for Big and Tall,4416.174,9,0.3,-630.882,Anomaly,-0.13378105506934534
8859,CA-2017-135909,2017-10-13,2017-10-20,Standard Class,JW-15220,Jane Waco,Corporate,United States,Sacramento,California,95823,West,OFF-BI-10003527,Office Supplies,Binders,Fellowes PB500 Electric Punch Plastic Comb Binding Machine with Manual Bind,5083.96,5,0.2,1906.485,Anomaly,-0.13377266465757176
4992,US-2017-122714,2017-12-07,2017-12-13,Standard Class,HG-14965,Henry Goldwyn,Corporate,United States,Chicago,Illinois,60653,Central,OFF-BI-10001120,Office Supplies,Binders,Ibico EPK-21 Electric Binding System,1889.99,5,0.8,-2929.4845,Anomaly,-0.13352722059789424
4298,CA-2017-129021,2017-08-23,2017-08-26,Second Class,PO-18850,Patrick O'Brill,Consumer,United States,Tallahassee,Florida,32303,South,TEC-PH-10001459,Technology,Phones,Samsung Galaxy Mega 6.3,4367.896,13,0.2,327.5922,Anomaly,-0.13084406313125652
9271,US-2017-102183,2017-08-21,2017-08-28,Standard Class,PK-19075,Pete Kriz,Consumer,United States,New York City,New York,10035,East,OFF-BI-10001359,Office Supplies,Binders,GBC DocuBind TL300 Electric Binding System,4305.552,6,0.2,1453.1238,Anomaly,-0.12949987351651526
2493,CA-2014-144624,2014-11-19,2014-11-23,Standard Class,JM-15865,John Murray,Consumer,United States,Jamestown,New York,14701,East,TEC-PH-10002885,Technology,Phones,Apple iPhone 5,4548.81,7,0.0,1228.1787,Anomaly,-0.12818219571923872
3152,CA-2015-147830,2015-12-15,2015-12-18,First Class,NF-18385,Natalie Fritzler,Consumer,United States,Newark,Ohio,43055,East,TEC-MA-10000418,Technology,Machines,Cubify CubeX 3D Printer Double Head Print,1799.994,2,0.7,-2639.9912,Anomaly,-0.12446338285537695
950,US-2017-110576,2017-11-28,2017-12-02,Standard Class,RB-19795,Ross Baird,Home Office,United States,Philadelphia,Pennsylvania,19120,East,FUR-TA-10004154,Furniture,Tables,"Riverside Furniture Oval Coffee Table, Oval End Table, End Table with Drawer",2065.32,12,0.4,-619.596,Anomaly,-0.12436718086138177
7915,CA-2017-165323,2017-06-17,2017-06-21,Standard Class,SR-20740,Steven Roelle,Home Office,United States,New York City,New York,10024,East,TEC-MA-10003673,Technology,Machines,Hewlett-Packard Desktjet 6988DT Refurbished Printer,3404.5,5,0.0,1668.205,Anomaly,-0.12056139088233198
6818,CA-2014-144414,2014-06-17,2014-06-21,Standard Class,GH-14425,Gary Hwang,Consumer,United States,Seattle,Washington,98105,West,OFF-BI-10004995,Office Supplies,Binders,GBC DocuBind P400 Electric Binding System,3266.376,3,0.2,1061.5722,Anomaly,-0.12008661556634215
1455,CA-2016-133711,2016-11-26,2016-11-29,First Class,MC-17425,Mark Cousins,Corporate,United States,Mobile,Alabama,36608,South,TEC-MA-10000010,Technology,Machines,Hewlett-Packard Deskjet 3050a All-in-One Color Inkjet Printer,3040.0,8,0.0,1459.2,Anomaly,-0.12000153045823614
2183,CA-2016-128818,2016-05-07,2016-05-11,Standard Class,CJ-12010,Caroline Jumper,Consumer,United States,New York City,New York,10009,East,TEC-MA-10000488,Technology,Machines,Bady BDG101FRU Card Printer,3999.95,5,0.0,1159.9855,Anomaly,-0.11936275703763033
1645,CA-2015-111829,2015-03-19,2015-03-20,First Class,FH-14365,Fred Hopkins,Corporate,United States,Seattle,Washington,98115,West,TEC-CO-10001766,Technology,Copiers,Canon PC940 Copier,3149.93,7,0.0,1480.4671,Anomaly,-0.1189878055444269
1804,CA-2017-158379,2017-09-22,2017-09-26,Second Class,JA-15970,Joseph Airdo,Consumer,United States,Philadelphia,Pennsylvania,19134,East,OFF-SU-10002881,Office Supplies,Supplies,Martin Yale Chadless Opener Electric Letter Opener,4663.736,7,0.2,-1049.3406,Anomaly,-0.11862803476386585
9742,CA-2015-117086,2015-11-08,2015-11-12,Standard Class,QJ-19255,Quincy Jones,Corporate,United States,Burlington,Vermont,5408,East,FUR-BO-10004834,Furniture,Bookcases,"Riverside Palais Royal Lawyers Bookcase, Royale Cherry Finish",4404.9,5,0.0,1013.127,Anomaly,-0.1177099113827168
4094,CA-2015-102491,2015-08-24,2015-08-28,Standard Class,KW-16435,Katrina Willman,Consumer,United States,Florence,Kentucky,41042,South,TEC-MA-10000864,Technology,Machines,Cisco 9971 IP Video Phone Charcoal,3080.0,7,0.0,1416.8,Anomaly,-0.11624760355528307
8750,US-2015-163825,2015-06-16,2015-06-19,First Class,LC-16885,Lena Creighton,Consumer,United States,New York City,New York,10009,East,OFF-BI-10003527,Office Supplies,Binders,Fellowes PB500 Electric Punch Plastic Comb Binding Machine with Manual Bind,3050.376,3,0.2,1143.891,Anomaly,-0.11508318058840816
1200,CA-2016-130946,2016-04-08,2016-04-12,Standard Class,ZC-21910,Zuschuss Carroll,Consumer,United States,Houston,Texas,77041,Central,OFF-BI-10004995,Office Supplies,Binders,GBC DocuBind P400 Electric Binding System,1088.792,4,0.8,-1850.9464,Anomaly,-0.11424851475815168
6100,CA-2017-100111,2017-09-20,2017-09-26,Standard Class,SV-20365,Seth Vernon,Consumer,United States,New York City,New York,10035,East,FUR-CH-10004086,Furniture,Chairs,Hon 4070 Series Pagoda Armless Upholstered Stacking Chairs,2888.127,11,0.1,609.7157,Anomaly,-0.11179700459880781
4356,CA-2015-155600,2015-12-04,2015-12-07,Second Class,RO-19780,Rose O'Brian,Consumer,United States,Clarksville,Tennessee,37042,South,OFF-BI-10000545,Office Supplies,Binders,GBC Ibimaster 500 Manual ProClick Binding System,1598.058,7,0.7,-1065.372,Anomaly,-0.1111380578125577
7899,CA-2017-128363,2017-08-13,2017-08-18,Standard Class,DC-12850,Dan Campbell,Consumer,United States,Memphis,Tennessee,38109,South,OFF-BI-10001359,Office Supplies,Binders,GBC DocuBind TL300 Electric Binding System,1614.582,6,0.7,-1237.8462,Anomaly,-0.11081877451860112
3274,CA-2017-133865,2017-05-08,2017-05-12,Standard Class,PS-19045,Penelope Sewall,Home Office,United States,Los Angeles,California,90032,West,TEC-CO-10001046,Technology,Copiers,Canon Imageclass D680 Copier / Fax,3359.952,6,0.2,1049.985,Anomaly,-0.10941730656654614
2849,CA-2017-157854,2017-04-08,2017-04-15,Standard Class,DM-13345,Denise Monton,Corporate,United States,Roswell,Georgia,30076,South,OFF-BI-10001359,Office Supplies,Binders,GBC DocuBind TL300 Electric Binding System,2690.97,3,0.0,1264.7559,Anomaly,-0.10933954623031517
216,CA-2015-146262,2015-01-02,2015-01-09,Standard Class,VW-21775,Victoria Wilson,Corporate,United States,Medina,Ohio,44256,East,TEC-MA-10000864,Technology,Machines,Cisco 9971 IP Video Phone Charcoal,1188.0,9,0.7,-950.4,Anomaly,-0.10712014387266533
5563,CA-2017-133263,2017-03-31,2017-04-02,Second Class,JE-15610,Jim Epp,Corporate,United States,Atlanta,Georgia,30318,South,TEC-CO-10001449,Technology,Copiers,Hewlett Packard LaserJet 3310 Copier,2999.95,5,0.0,1439.976,Anomaly,-0.10621292313338626
7281,CA-2015-162782,2015-02-21,2015-02-27,Standard Class,PW-19240,Pierre Wener,Consumer,United States,Columbia,Maryland,21044,East,OFF-BI-10003527,Office Supplies,Binders,Fellowes PB500 Electric Punch Plastic Comb Binding Machine with Manual Bind,2541.98,2,0.0,1270.99,Anomaly,-0.10613336487798175
6210,CA-2017-119809,2017-08-18,2017-08-25,Standard Class,YS-21880,Yana Sorensen,Corporate,United States,Seattle,Washington,98103,West,OFF-BI-10003925,Office Supplies,Binders,Fellowes PB300 Plastic Comb Binding Machine,2793.528,9,0.2,942.8157,Anomaly,-0.10596860576929235
995,CA-2014-117639,2014-05-21,2014-05-25,Standard Class,MW-18235,Mitch Willingham,Corporate,United States,Virginia Beach,Virginia,23464,South,OFF-BI-10003925,Office Supplies,Binders,Fellowes PB300 Plastic Comb Binding Machine,2715.93,7,0.0,1276.4871,Anomaly,-0.10530809138760178
5321,US-2017-162558,2017-10-02,2017-10-05,First Class,Dp-13240,Dean percer,Home Office,United States,Knoxville,Tennessee,37918,South,FUR-TA-10000198,Furniture,Tables,Chromcraft Bull-Nose Wood Oval Conference Tables & Bases,2314.116,7,0.4,-1002.7836,Anomaly,-0.10526108900142139
516,CA-2017-127432,2017-01-22,2017-01-27,Standard Class,AD-10180,Alan Dominguez,Home Office,United States,Great Falls,Montana,59405,West,TEC-CO-10003236,Technology,Copiers,Canon Image Class D660 Copier,2999.95,5,0.0,1379.977,Anomaly,-0.10498770263635215
3325,CA-2014-165309,2014-11-11,2014-11-15,Standard Class,KD-16270,Karen Daniels,Consumer,United States,Houston,Texas,77095,Central,OFF-BI-10001359,Office Supplies,Binders,GBC DocuBind TL300 Electric Binding System,896.99,5,0.8,-1480.0335,Anomaly,-0.10479304419330215
2929,US-2017-120390,2017-10-19,2017-10-26,Standard Class,TH-21550,Tracy Hopkins,Home Office,United States,Burlington,North Carolina,27217,South,OFF-BI-10004995,Office Supplies,Binders,GBC DocuBind P400 Electric Binding System,1633.188,4,0.7,-1306.5504,Anomaly,-0.10431654703376159
9057,CA-2015-160227,2015-11-02,2015-11-04,First Class,ED-13885,Emily Ducich,Home Office,United States,New York City,New York,10011,East,FUR-CH-10002073,Furniture,Chairs,Hon Olson Stacker Chairs,2621.322,11,0.1,553.3902,Anomaly,-0.10295390555082051
7584,CA-2014-163223,2014-03-21,2014-03-25,Standard Class,KH-16690,Kristen Hastings,Corporate,United States,Springfield,Virginia,22153,South,TEC-PH-10000730,Technology,Phones,Samsung Galaxy S4 Active,3499.93,7,0.0,909.9818,Anomaly,-0.10232917342777204
5127,CA-2014-160766,2014-09-14,2014-09-14,Same Day,DM-13015,Darrin Martin,Consumer,United States,New York City,New York,10009,East,TEC-MA-10003979,Technology,Machines,Ativa V4110MDD Micro-Cut Shredder,2799.96,4,0.0,1371.9804,Anomaly,-0.1018677518457044
1712,CA-2017-123491,2017-10-30,2017-11-05,Standard Class,JK-15205,Jamie Kunitz,Consumer,United States,San Francisco,California,94122,West,OFF-AP-10002684,Office Supplies,Appliances,"Acco 7-Outlet Masterpiece Power Center, Wihtout Fax/Phone Line Protection",1702.12,14,0.0,510.636,Anomaly,-0.10030934285658277
4129,CA-2014-127299,2014-09-19,2014-09-24,Standard Class,JL-15835,John Lee,Consumer,United States,Charlotte,North Carolina,28205,South,TEC-MA-10001127,Technology,Machines,"HP Designjet T520 Inkjet Large Format Printer - 24"" Color",2624.985,3,0.5,-944.9946,Anomaly,-0.10029187398948736
8209,CA-2015-141565,2015-09-20,2015-09-24,Standard Class,BG-11035,Barry Gonzalez,Consumer,United States,Nashville,Tennessee,37211,South,OFF-BI-10000545,Office Supplies,Binders,GBC Ibimaster 500 Manual ProClick Binding System,1369.764,6,0.7,-913.176,Anomaly,-0.09983251657008141
8633,CA-2016-107783,2016-07-28,2016-07-29,First Class,OT-18730,Olvera Toch,Consumer,United States,Bethlehem,Pennsylvania,18018,East,OFF-BI-10000545,Office Supplies,Binders,GBC Ibimaster 500 Manual ProClick Binding System,1369.764,6,0.7,-913.176,Anomaly,-0.09983251657008141
5711,US-2015-160857,2015-05-08,2015-05-15,Standard Class,NW-18400,Natalie Webber,Consumer,United States,New York City,New York,10024,East,TEC-CO-10004115,Technology,Copiers,Sharp AL-1530CS Digital Copier,2799.944,7,0.2,1014.9797,Anomaly,-0.09667582290664622
2506,CA-2014-143917,2014-07-25,2014-07-27,Second Class,KL-16645,Ken Lonsdale,Consumer,United States,San Francisco,California,94122,West,OFF-SU-10000151,Office Supplies,Supplies,High Speed Automatic Electric Letter Opener,8187.65,5,0.0,327.506,Anomaly,-0.09592036140243265
4620,CA-2017-145219,2017-12-24,2017-12-25,First Class,RM-19675,Robert Marley,Home Office,United States,Los Angeles,California,90049,West,TEC-CO-10001449,Technology,Copiers,Hewlett Packard LaserJet 3310 Copier,2879.952,6,0.2,1007.9832,Anomaly,-0.09553605741163351
1247,CA-2014-168494,2014-12-12,2014-12-14,Second Class,NP-18700,Nora Preis,Consumer,United States,Fresno,California,93727,West,FUR-TA-10003473,Furniture,Tables,Bretford Rectangular Conference Table Tops,3610.848,12,0.2,135.4068,Anomaly,-0.09515023551969137
1251,CA-2017-115602,2017-12-18,2017-12-24,Standard Class,DJ-13630,Doug Jacobs,Consumer,United States,New York City,New York,10009,East,OFF-AP-10000891,Office Supplies,Appliances,Kensington 7 Outlet MasterPiece HOMEOFFICE Power Control Center,1704.56,13,0.0,511.368,Anomaly,-0.09353038016734416
8641,US-2017-148551,2017-01-12,2017-01-16,Standard Class,DB-13120,David Bremer,Corporate,United States,Dallas,Texas,75217,Central,OFF-BI-10000545,Office Supplies,Binders,GBC Ibimaster 500 Manual ProClick Binding System,760.98,5,0.8,-1141.47,Anomaly,-0.09311956806078947
978,CA-2017-159366,2017-01-07,2017-01-10,First Class,BW-11110,Bart Watters,Corporate,United States,Detroit,Michigan,48205,Central,TEC-MA-10000822,Technology,Machines,Lexmark MX611dhe Monochrome Laser Printer,3059.982,2,0.1,679.996,Anomaly,-0.09299984529198368
7847,CA-2015-125976,2015-09-27,2015-10-02,Standard Class,JK-15205,Jamie Kunitz,Consumer,United States,Arlington,Virginia,22204,South,TEC-PH-10002496,Technology,Phones,Cisco SPA301,1871.88,12,0.0,561.564,Anomaly,-0.0916757990991317
2847,CA-2017-152093,2017-09-10,2017-09-15,Standard Class,SN-20560,Skye Norling,Home Office,United States,Chicago,Illinois,60653,Central,OFF-BI-10003527,Office Supplies,Binders,Fellowes PB500 Electric Punch Plastic Comb Binding Machine with Manual Bind,762.594,3,0.8,-1143.891,Anomaly,-0.0912860816787443
6049,CA-2015-105571,2015-11-07,2015-11-11,Standard Class,CP-12340,Christine Phan,Corporate,United States,Miami,Florida,33142,South,OFF-BI-10001359,Office Supplies,Binders,GBC DocuBind TL300 Electric Binding System,1345.485,5,0.7,-1031.5385,Anomaly,-0.09121346228626259
263,US-2014-106992,2014-09-19,2014-09-21,Second Class,SB-20290,Sean Braxton,Corporate,United States,Houston,Texas,77036,Central,TEC-MA-10000822,Technology,Machines,Lexmark MX611dhe Monochrome Laser Printer,3059.982,3,0.4,-509.997,Anomaly,-0.09112313321599341
8994,CA-2017-159100,2017-10-16,2017-10-21,Standard Class,VP-21760,Victoria Pisteka,Corporate,United States,Columbia,Tennessee,38401,South,FUR-TA-10001950,Furniture,Tables,Balt Solid Wood Round Tables,1875.258,7,0.4,-968.8833,Anomaly,-0.09099853129624136
4821,CA-2015-140025,2015-04-07,2015-04-11,Standard Class,PF-19120,Peter Fuller,Consumer,United States,San Antonio,Texas,78207,Central,OFF-AP-10002651,Office Supplies,Appliances,Hoover Upright Vacuum With Dirt Cup,463.248,8,0.8,-1181.2824,Anomaly,-0.08978295371446088
3296,CA-2017-113418,2017-10-01,2017-10-03,First Class,CM-12655,Corinna Mitchell,Home Office,United States,New York City,New York,10035,East,TEC-MA-10002428,Technology,Machines,Fellowes Powershred HS-440 4-Sheet High Security Shredder,1704.89,11,0.0,767.2005,Anomaly,-0.08973906630400463
5199,CA-2016-103982,2016-03-03,2016-03-08,Standard Class,AA-10315,Alex Avila,Consumer,United States,Round Rock,Texas,78664,Central,OFF-SU-10000151,Office Supplies,Supplies,High Speed Automatic Electric Letter Opener,3930.072,3,0.2,-786.0144,Anomaly,-0.08898017717291296
5007,CA-2015-169796,2015-11-09,2015-11-14,Standard Class,Dp-13240,Dean percer,Home Office,United States,New York City,New York,10035,East,TEC-MA-10000045,Technology,Machines,Zebra ZM400 Thermal Label Printer,2321.9,2,0.0,1114.512,Anomaly,-0.08737608346308001
4219,CA-2017-149881,2017-04-01,2017-04-03,First Class,NC-18535,Nick Crebassa,Corporate,United States,San Francisco,California,94110,West,TEC-MA-10000418,Technology,Machines,Cubify CubeX 3D Printer Double Head Print,4799.984,2,0.2,359.9988,Anomaly,-0.08684369480621479
5171,CA-2016-122903,2016-05-27,2016-05-29,Second Class,LA-16780,Laura Armstrong,Corporate,United States,Detroit,Michigan,48205,Central,FUR-CH-10002024,Furniture,Chairs,HON 5400 Series Task Chairs for Big and Tall,3504.9,5,0.0,700.98,Anomaly,-0.0857342570003119
9858,CA-2015-164301,2015-03-26,2015-03-30,Standard Class,EB-13840,Ellis Ballard,Corporate,United States,Seattle,Washington,98103,West,FUR-TA-10001889,Furniture,Tables,Bush Advantage Collection Racetrack Conference Table,3393.68,8,0.0,610.8624,Anomaly,-0.0854302119633441
9166,CA-2016-100300,2016-06-24,2016-06-26,Second Class,MJ-17740,Max Jones,Consumer,United States,San Diego,California,92037,West,TEC-MA-10000984,Technology,Machines,Okidata MB760 Printer,4476.8,4,0.2,503.64,Anomaly,-0.08381726154703328
3071,CA-2014-119375,2014-11-17,2014-11-22,Standard Class,YC-21895,Yoseph Carroll,Corporate,United States,Newark,Delaware,19711,East,OFF-ST-10002011,Office Supplies,Storage,Smead Adjustable Mobile File Trolley with Lockable Top,2934.33,7,0.0,792.2691,Anomaly,-0.08358380622795492
3984,CA-2016-135265,2016-07-07,2016-07-09,Second Class,CC-12370,Christopher Conant,Consumer,United States,Los Angeles,California,90045,West,TEC-CO-10003763,Technology,Copiers,Canon PC1060 Personal Laser Copier,2799.96,5,0.2,944.9865,Anomaly,-0.08334864920907947
9930,CA-2016-129630,2016-09-04,2016-09-04,Same Day,IM-15055,Ionia McGrath,Consumer,United States,San Francisco,California,94122,West,TEC-CO-10003763,Technology,Copiers,Canon PC1060 Personal Laser Copier,2799.96,5,0.2,944.9865,Anomaly,-0.08334864920907947
7388,CA-2016-105732,2016-09-13,2016-09-18,Standard Class,AG-10270,Alejandro Grove,Consumer,United States,Omaha,Nebraska,68104,Central,FUR-FU-10003664,Furniture,Furnishings,"Electrix Architect's Clamp-On Swing Arm Lamp, Black",1336.44,14,0.0,387.5676,Anomaly,-0.08311076331091294
6015,CA-2016-159016,2016-03-10,2016-03-11,First Class,KF-16285,Karen Ferguson,Home Office,United States,Los Angeles,California,90008,West,TEC-PH-10002885,Technology,Phones,Apple iPhone 5,4158.912,8,0.2,363.9048,Anomaly,-0.08293909190032589
1434,CA-2014-120768,2014-12-19,2014-12-21,Second Class,IM-15070,Irene Maddox,Consumer,United States,Florence,Alabama,35630,South,FUR-CH-10000513,Furniture,Chairs,High-Back Leather Manager's Chair,1819.86,14,0.0,163.7874,Anomaly,-0.08283300252215087
8313,US-2017-105935,2017-01-26,2017-01-31,Standard Class,BD-11500,Bradley Drucker,Consumer,United States,Columbus,Georgia,31907,South,TEC-PH-10001459,Technology,Phones,Samsung Galaxy Mega 6.3,2939.93,7,0.0,764.3818,Anomaly,-0.08187344369779215
7475,CA-2014-167199,2014-01-06,2014-01-10,Standard Class,ME-17320,Maria Etezadi,Home Office,United States,Henderson,Kentucky,42420,South,FUR-CH-10004063,Furniture,Chairs,Global Deluxe High-Back Manager's Chair,2573.82,9,0.0,746.4078,Anomaly,-0.08153137197781002
9149,US-2016-165505,2016-01-23,2016-01-27,Standard Class,CB-12535,Claudia Bergmann,Corporate,United States,Burlington,Vermont,5408,East,OFF-ST-10001526,Office Supplies,Storage,Iceberg Mobile Mega Data/Printer Cart ,1564.29,13,0.0,406.7154,Anomaly,-0.07987180096182656
6536,CA-2014-128209,2014-11-17,2014-11-22,Standard Class,GT-14710,Greg Tran,Consumer,United States,Buffalo,New York,14215,East,FUR-BO-10002213,Furniture,Bookcases,DMI Eclipse Executive Suite Bookcases,4007.84,10,0.2,-50.098,Anomaly,-0.0795836113454168
1014,US-2015-126214,2015-12-21,2015-12-24,Second Class,JS-15880,John Stevenson,Consumer,United States,Seattle,Washington,98103,West,FUR-TA-10003748,Furniture,Tables,Bevis 36 x 72 Conference Tables,1618.37,13,0.0,356.0414,Anomaly,-0.07939928007384833
7642,US-2016-157490,2016-10-06,2016-10-07,First Class,LB-16795,Laurel Beltran,Home Office,United States,Pueblo,Colorado,81001,West,TEC-MA-10001695,Technology,Machines,Zebra GK420t Direct Thermal/Thermal Transfer Printer,703.71,6,0.7,-938.28,Anomaly,-0.07914311471195767
3056,US-2015-100377,2015-08-28,2015-09-01,Standard Class,TS-21370,Todd Sumrall,Corporate,United States,Chicago,Illinois,60623,Central,TEC-CO-10001046,Technology,Copiers,Canon Imageclass D680 Copier / Fax,2799.96,5,0.2,874.9875,Anomaly,-0.07909975611076936
2629,US-2017-165344,2017-11-13,2017-11-15,First Class,SB-20290,Sean Braxton,Corporate,United States,Springfield,Ohio,45503,East,TEC-MA-10002210,Technology,Machines,Epson TM-T88V Direct Thermal Printer - Monochrome - Desktop,652.995,7,0.7,-935.9595,Anomaly,-0.07902990758000183
2661,CA-2017-123372,2017-11-28,2017-12-02,Standard Class,DG-13300,Deirdre Greer,Corporate,United States,New York City,New York,10035,East,TEC-PH-10002834,Technology,Phones,Google Nexus 5,1979.89,11,0.0,494.9725,Anomaly,-0.07769579599739351
6885,CA-2015-120677,2015-05-31,2015-06-04,Standard Class,BD-11320,Bill Donatelli,Consumer,United States,Minneapolis,Minnesota,55407,Central,FUR-CH-10002320,Furniture,Chairs,Hon Pagoda Stacking Chairs,2567.84,8,0.0,770.352,Anomaly,-0.07723998733707116
9232,CA-2014-148383,2014-12-27,2014-12-31,Standard Class,RP-19390,Resi Pölking,Consumer,United States,Phoenix,Arizona,85023,West,OFF-BI-10003650,Office Supplies,Binders,GBC DocuBind 300 Electric Binding Machine,946.764,6,0.7,-694.2936,Anomaly,-0.07600659147329947
7510,US-2017-161935,2017-07-14,2017-07-18,Standard Class,JL-15835,John Lee,Consumer,United States,Columbus,Ohio,43229,East,TEC-PH-10000560,Technology,Phones,Samsung Galaxy S III - 16GB - pebble blue (T-Mobile),1889.946,9,0.4,-377.9892,Anomaly,-0.07394226174199925
342,CA-2014-122336,2014-04-13,2014-04-17,Second Class,JD-15895,Jonathan Doherty,Corporate,United States,Philadelphia,Pennsylvania,19140,East,OFF-BI-10003656,Office Supplies,Binders,Fellowes PB200 Plastic Comb Binding Machine,509.97,10,0.7,-407.976,Anomaly,-0.0735877418738824
7580,CA-2015-123113,2015-11-23,2015-11-27,Second Class,AT-10735,Annie Thurman,Consumer,United States,Morristown,New Jersey,7960,East,OFF-AP-10000275,Office Supplies,Appliances,"Sanyo Counter Height Refrigerator with Crisper, 3.6 Cubic Foot, Stainless Steel/Black",2625.12,8,0.0,735.0336,Anomaly,-0.0732467437880584
7650,CA-2015-101889,2015-12-27,2015-12-31,Standard Class,DB-13120,David Bremer,Corporate,United States,Marion,Ohio,43302,East,FUR-TA-10004154,Furniture,Tables,"Riverside Furniture Oval Coffee Table, Oval End Table, End Table with Drawer",1548.99,9,0.4,-464.697,Anomaly,-0.07321196952384657
5067,CA-2017-142090,2017-11-30,2017-12-07,Standard Class,SC-20380,Shahid Collister,Consumer,United States,Burlington,North Carolina,27217,South,FUR-TA-10001889,Furniture,Tables,Bush Advantage Collection Racetrack Conference Table,1781.682,7,0.4,-653.2834,Anomaly,-0.0730945675064687
464,CA-2016-109869,2016-04-22,2016-04-29,Standard Class,TN-21040,Tanja Norvell,Home Office,United States,Phoenix,Arizona,85023,West,FUR-TA-10001889,Furniture,Tables,Bush Advantage Collection Racetrack Conference Table,1272.63,6,0.5,-814.4832,Anomaly,-0.07277984316490316
1792,CA-2014-120474,2014-12-01,2014-12-03,First Class,RP-19390,Resi Pölking,Consumer,United States,Madison,Wisconsin,53711,Central,FUR-CH-10001854,Furniture,Chairs,Office Star - Professional Matrix Back Chair with 2-to-1 Synchro Tilt and Mesh Fabric Seat,2807.84,8,0.0,673.8816,Anomaly,-0.07277870380706941
9426,CA-2014-116246,2014-09-12,2014-09-17,Second Class,LW-17215,Luke Weiss,Consumer,United States,New York City,New York,10035,East,FUR-CH-10002024,Furniture,Chairs,HON 5400 Series Task Chairs for Big and Tall,3785.292,6,0.1,420.588,Anomaly,-0.07251699505643094
7938,CA-2017-166093,2017-08-17,2017-08-24,Standard Class,RW-19540,Rick Wilson,Corporate,United States,Brentwood,California,94513,West,OFF-AP-10001058,Office Supplies,Appliances,Sanyo 2.5 Cubic Foot Mid-Size Office Refrigerators,2518.29,9,0.0,654.7554,Anomaly,-0.0721191255771233
5991,US-2017-163300,2017-09-15,2017-09-21,Standard Class,ES-14020,Erica Smith,Consumer,United States,Los Angeles,California,90049,West,OFF-BI-10004390,Office Supplies,Binders,GBC DocuBind 200 Manual Binding Machine,2357.488,7,0.2,884.058,Anomaly,-0.07117487336161388
870,CA-2016-158099,2016-09-03,2016-09-05,First Class,PK-18910,Paul Knutson,Home Office,United States,Philadelphia,Pennsylvania,19143,East,OFF-BI-10000545,Office Supplies,Binders,GBC Ibimaster 500 Manual ProClick Binding System,1141.47,5,0.7,-760.98,Anomaly,-0.07093519326125641
6640,CA-2014-108609,2014-10-31,2014-11-02,Second Class,AJ-10780,Anthony Jacobs,Corporate,United States,Lorain,Ohio,44052,East,FUR-TA-10003954,Furniture,Tables,Hon 94000 Series Round Tables,1421.664,8,0.4,-734.5264,Anomaly,-0.06869291585706916
9949,CA-2017-121559,2017-06-01,2017-06-03,Second Class,HW-14935,Helen Wasserman,Corporate,United States,Indianapolis,Indiana,46203,Central,OFF-AP-10002945,Office Supplies,Appliances,Honeywell Enviracaire Portable HEPA Air Cleaner for 17' x 22' Room,2405.2,8,0.0,793.716,Anomaly,-0.0683426403859908
1370,US-2015-103471,2015-12-24,2015-12-28,Standard Class,JR-15670,Jim Radford,Consumer,United States,Colorado Springs,Colorado,80906,West,FUR-BO-10002613,Furniture,Bookcases,"Atlantic Metals Mobile 4-Shelf Bookcases, Custom Colors",590.058,7,0.7,-786.744,Anomaly,-0.06824464731784619
6263,CA-2016-132479,2016-09-24,2016-09-26,First Class,MK-17905,Michael Kennedy,Corporate,United States,Rockford,Illinois,61107,Central,OFF-BI-10004584,Office Supplies,Binders,GBC ProClick 150 Presentation Binding System,442.372,7,0.8,-729.9138,Anomaly,-0.06815264456684711
3591,CA-2017-146535,2017-11-24,2017-11-30,Standard Class,FM-14290,Frank Merwin,Home Office,United States,Richmond,Kentucky,40475,South,OFF-ST-10001526,Office Supplies,Storage,Iceberg Mobile Mega Data/Printer Cart ,1443.96,12,0.0,375.4296,Anomaly,-0.06513211378389028
5885,CA-2016-136301,2016-03-13,2016-03-15,Second Class,EH-13765,Edward Hooks,Corporate,United States,San Francisco,California,94109,West,OFF-SU-10000151,Office Supplies,Supplies,High Speed Automatic Electric Letter Opener,4912.59,3,0.0,196.5036,Anomaly,-0.06370394643289312
6902,US-2017-135013,2017-07-24,2017-07-24,Same Day,HR-14830,Harold Ryan,Corporate,United States,Huntington Beach,California,92646,West,TEC-CO-10001449,Technology,Copiers,Hewlett Packard LaserJet 3310 Copier,2399.96,5,0.2,839.986,Anomaly,-0.06340446828258417
8101,CA-2016-169663,2016-03-10,2016-03-13,First Class,RH-19510,Rick Huthwaite,Home Office,United States,Los Angeles,California,90045,West,TEC-MA-10000984,Technology,Machines,Okidata MB760 Printer,3357.6,3,0.2,377.73,Anomaly,-0.06285214697437647
264,US-2014-106992,2014-09-19,2014-09-21,Second Class,SB-20290,Sean Braxton,Corporate,United States,Houston,Texas,77036,Central,TEC-MA-10003353,Technology,Machines,Xerox WorkCentre 6505DN Laser Multifunction Printer,2519.958,7,0.4,-251.9958,Anomaly,-0.06280918310865902
5531,CA-2017-160885,2017-12-02,2017-12-06,Standard Class,JK-16090,Juliana Krohn,Consumer,United States,Omaha,Nebraska,68104,Central,TEC-PH-10001795,Technology,Phones,ClearOne CHATAttach 160 - speaker phone,2479.96,4,0.0,743.988,Anomaly,-0.06125301566701702
7647,US-2014-115196,2014-09-09,2014-09-13,Standard Class,DL-12925,Daniel Lacy,Consumer,United States,Greenville,North Carolina,27834,South,TEC-MA-10002073,Technology,Machines,"3D Systems Cube Printer, 2nd Generation, White",1299.99,2,0.5,-571.9956,Anomaly,-0.060063122231354016
9616,CA-2014-128524,2014-11-11,2014-11-13,First Class,MZ-17515,Mary Zewe,Corporate,United States,Seattle,Washington,98115,West,OFF-BI-10003527,Office Supplies,Binders,Fellowes PB500 Electric Punch Plastic Comb Binding Machine with Manual Bind,2033.584,2,0.2,762.594,Anomaly,-0.05948875296721845
1220,US-2017-118087,2017-09-09,2017-09-13,Standard Class,SP-20620,Stefania Perrino,Corporate,United States,Philadelphia,Pennsylvania,19134,East,TEC-PH-10002200,Technology,Phones,Samsung Galaxy Note 2,1931.958,7,0.4,-386.3916,Anomaly,-0.05830495100998512
9022,CA-2015-129525,2015-11-15,2015-11-20,Standard Class,VP-21760,Victoria Pisteka,Corporate,United States,Toledo,Ohio,43615,East,OFF-BI-10002133,Office Supplies,Binders,"Wilson Jones Elliptical Ring 3 1/2"" Capacity Binders, 800 sheets",166.92,13,0.7,-116.844,Anomaly,-0.05787700888650216
1996,US-2017-147221,2017-12-02,2017-12-04,Second Class,JS-16030,Joy Smith,Consumer,United States,Houston,Texas,77036,Central,OFF-AP-10002534,Office Supplies,Appliances,3.6 Cubic Foot Counter Height Office Refrigerator,294.62,5,0.8,-766.012,Anomaly,-0.05750152507412709
2358,US-2014-148838,2014-03-17,2014-03-21,Standard Class,CP-12340,Christine Phan,Corporate,United States,New York City,New York,10024,East,FUR-TA-10003473,Furniture,Tables,Bretford Rectangular Conference Table Tops,1579.746,7,0.4,-447.5947,Anomaly,-0.05742256756395547
5301,CA-2016-113831,2016-05-30,2016-06-03,Standard Class,AH-10690,Anna Häberlin,Corporate,United States,Springfield,Virginia,22153,South,FUR-TA-10002645,Furniture,Tables,Hon Rectangular Conference Tables,2275.5,10,0.0,386.835,Anomaly,-0.056865614238512774
9650,CA-2016-107104,2016-11-26,2016-11-30,Standard Class,MS-17365,Maribeth Schnelling,Consumer,United States,Los Angeles,California,90045,West,FUR-BO-10002213,Furniture,Bookcases,DMI Eclipse Executive Suite Bookcases,3406.664,8,0.15,160.3136,Anomaly,-0.0565767004092248
9661,CA-2016-160717,2016-06-06,2016-06-11,Standard Class,ME-17320,Maria Etezadi,Home Office,United States,Santa Barbara,California,93101,West,TEC-PH-10001459,Technology,Phones,Samsung Galaxy Mega 6.3,3023.928,9,0.2,226.7946,Anomaly,-0.05626271279746542
1002,CA-2015-124891,2015-07-31,2015-07-31,Same Day,RH-19495,Rick Hansen,Consumer,United States,New York City,New York,10024,East,TEC-AC-10003033,Technology,Accessories,Plantronics CS510 - Over-the-Head monaural Wireless Headset System,2309.65,7,0.0,762.1845,Anomaly,-0.05449513669215844
1897,CA-2017-141789,2017-10-03,2017-10-06,First Class,AC-10450,Amy Cox,Consumer,United States,Minneapolis,Minnesota,55407,Central,OFF-BI-10001359,Office Supplies,Binders,GBC DocuBind TL300 Electric Binding System,1793.98,2,0.0,843.1706,Anomaly,-0.054025640569159705
9034,CA-2014-152268,2014-09-02,2014-09-07,Standard Class,SC-20095,Sanjit Chand,Consumer,United States,Fayetteville,Arkansas,72701,South,OFF-BI-10001359,Office Supplies,Binders,GBC DocuBind TL300 Electric Binding System,1793.98,2,0.0,843.1706,Anomaly,-0.054025640569159705
4861,CA-2016-101546,2016-12-18,2016-12-24,Standard Class,GK-14620,Grace Kelly,Corporate,United States,Morristown,New Jersey,7960,East,OFF-BI-10001359,Office Supplies,Binders,GBC DocuBind TL300 Electric Binding System,1793.98,2,0.0,843.1706,Anomaly,-0.054025640569159705
6528,CA-2016-157791,2016-12-23,2016-12-28,Second Class,CA-11965,Carol Adams,Corporate,United States,Warwick,Rhode Island,2886,East,TEC-CO-10002095,Technology,Copiers,Hewlett Packard 610 Color Digital Copier / Printer,1999.96,4,0.0,899.982,Anomaly,-0.05303959873584885
8181,CA-2015-119879,2015-11-21,2015-11-25,Standard Class,SS-20410,Shahid Shariari,Consumer,United States,Philadelphia,Pennsylvania,19120,East,FUR-TA-10002958,Furniture,Tables,"Bevis Oval Conference Table, Walnut",1252.704,8,0.4,-480.2032,Anomaly,-0.05228660026663379
8936,CA-2017-130036,2017-08-27,2017-08-27,Same Day,BP-11185,Ben Peterman,Corporate,United States,Philadelphia,Pennsylvania,19120,East,TEC-AC-10001908,Technology,Accessories,Logitech Wireless Headset h800,1119.888,14,0.2,209.979,Anomaly,-0.05168789577689814
3444,CA-2017-168858,2017-11-19,2017-11-23,Standard Class,JD-16150,Justin Deggeller,Corporate,United States,New York City,New York,10011,East,OFF-AP-10003849,Office Supplies,Appliances,Hoover Shoulder Vac Commercial Portable Vacuum,2504.74,7,0.0,626.185,Anomaly,-0.05145647453452051
2419,CA-2016-107202,2016-05-21,2016-05-28,Standard Class,LC-16930,Linda Cazamias,Corporate,United States,Sparks,Nevada,89431,West,TEC-MA-10000112,Technology,Machines,Panasonic KX MB2061 Multifunction Printer,2396.4,10,0.2,179.73,Anomaly,-0.05136168803571439
2625,CA-2017-127180,2017-10-22,2017-10-24,First Class,TA-21385,Tom Ashbrook,Home Office,United States,New York City,New York,10024,East,TEC-PH-10001494,Technology,Phones,Polycom CX600 IP Phone VoIP phone,2399.6,8,0.0,647.892,Anomaly,-0.05053079625613621
5056,CA-2015-141243,2015-01-03,2015-01-08,Second Class,AH-10465,Amy Hunt,Consumer,United States,Dallas,Texas,75217,Central,FUR-BO-10003272,Furniture,Bookcases,O'Sullivan Living Dimensions 5-Shelf Bookcases,1352.3976,9,0.32,-437.5404,Anomaly,-0.0501849497266168
5918,US-2015-126977,2015-09-17,2015-09-23,Standard Class,PF-19120,Peter Fuller,Consumer,United States,New York City,New York,10035,East,FUR-BO-10004834,Furniture,Bookcases,"Riverside Palais Royal Lawyers Bookcase, Royale Cherry Finish",4228.704,6,0.2,158.5764,Anomaly,-0.049809682451549264
8103,CA-2015-149846,2015-05-22,2015-05-26,Standard Class,SB-20185,Sarah Brown,Consumer,United States,Los Angeles,California,90045,West,TEC-MA-10004002,Technology,Machines,Zebra GX420t Direct Thermal/Thermal Transfer Printer,2973.32,7,0.2,334.4985,Anomaly,-0.04962303198652196
4882,CA-2017-143567,2017-11-02,2017-11-05,Second Class,TB-21175,Thomas Boland,Corporate,United States,Henderson,Kentucky,42420,South,TEC-AC-10004145,Technology,Accessories,Logitech diNovo Edge Keyboard,2249.91,9,0.0,517.4793,Anomaly,-0.04947866039296245
7488,US-2015-134558,2015-12-19,2015-12-24,Second Class,PM-19135,Peter McVee,Home Office,United States,Dover,New Hampshire,3820,East,TEC-AC-10004145,Technology,Accessories,Logitech diNovo Edge Keyboard,2249.91,9,0.0,517.4793,Anomaly,-0.04947866039296245
8893,CA-2015-111038,2015-12-01,2015-12-06,Standard Class,LC-16960,Lindsay Castell,Home Office,United States,San Diego,California,92037,West,FUR-CH-10003973,Furniture,Chairs,GuestStacker Chair with Chrome Finish Legs,2676.672,9,0.2,267.6672,Anomaly,-0.04899442255723052
8075,CA-2017-151750,2017-01-01,2017-01-05,Standard Class,JM-15250,Janet Martin,Consumer,United States,Huntsville,Texas,77340,Central,OFF-BI-10000343,Office Supplies,Binders,"Pressboard Covers with Storage Hooks, 9 1/2"" x 11"", Light Blue",13.748,14,0.8,-22.6842,Anomaly,-0.04862923745361247
6535,CA-2014-128209,2014-11-17,2014-11-22,Standard Class,GT-14710,Greg Tran,Consumer,United States,Buffalo,New York,14215,East,OFF-BI-10001359,Office Supplies,Binders,GBC DocuBind TL300 Electric Binding System,2152.776,3,0.2,726.5619,Anomaly,-0.04801547461774658
6869,US-2016-126452,2016-08-21,2016-08-28,Standard Class,SC-20230,Scot Coram,Corporate,United States,Los Angeles,California,90004,West,FUR-TA-10003569,Furniture,Tables,Bretford CR8500 Series Meeting Room Furniture,2887.056,9,0.2,180.441,Anomaly,-0.04768304472872287
1439,CA-2015-139731,2015-10-15,2015-10-15,Same Day,JE-15745,Joel Eaton,Consumer,United States,Amarillo,Texas,79109,Central,FUR-CH-10002024,Furniture,Chairs,HON 5400 Series Task Chairs for Big and Tall,2453.43,5,0.3,-350.49,Anomaly,-0.04711017210201729
413,CA-2017-117457,2017-12-08,2017-12-12,Standard Class,KH-16510,Keith Herrera,Consumer,United States,San Francisco,California,94110,West,FUR-BO-10001972,Furniture,Bookcases,O'Sullivan 4-Shelf Bookcase in Odessa Pine,1336.829,13,0.15,31.4548,Anomaly,-0.04698409429841932
9491,CA-2017-111738,2017-01-03,2017-01-07,Standard Class,CM-12385,Christopher Martinez,Consumer,United States,San Francisco,California,94110,West,OFF-BI-10004584,Office Supplies,Binders,GBC ProClick 150 Presentation Binding System,2022.272,8,0.2,682.5168,Anomaly,-0.04653215945249667
911,CA-2017-137596,2017-09-02,2017-09-07,Standard Class,BE-11335,Bill Eplett,Home Office,United States,Jackson,Michigan,49201,Central,TEC-AC-10004666,Technology,Accessories,Maxell iVDR EX 500GB Cartridge,1928.78,7,0.0,829.3754,Anomaly,-0.044971875275188755
7784,CA-2016-162236,2016-11-04,2016-11-06,Second Class,ER-13855,Elpida Rittenbach,Corporate,United States,Charlotte,North Carolina,28205,South,FUR-TA-10002533,Furniture,Tables,BPI Conference Tables,876.3,10,0.4,-292.1,Anomaly,-0.044869254868033503
3987,CA-2017-112333,2017-04-08,2017-04-14,Standard Class,KF-16285,Karen Ferguson,Home Office,United States,Plainfield,New Jersey,7060,East,OFF-ST-10001780,Office Supplies,Storage,Tennsco 16-Compartment Lockers with Coat Rack,2591.56,4,0.0,621.9744,Anomaly,-0.044750487185794996
7423,US-2016-114013,2016-03-13,2016-03-15,Second Class,SC-20770,Stewart Carmichael,Corporate,United States,Philadelphia,Pennsylvania,19134,East,TEC-MA-10001148,Technology,Machines,Okidata MB491 Multifunction Printer,449.1,3,0.7,-643.71,Anomaly,-0.0435878120133385
400,CA-2016-108987,2016-09-08,2016-09-10,Second Class,AG-10675,Anna Gayman,Consumer,United States,Houston,Texas,77036,Central,FUR-BO-10004834,Furniture,Bookcases,"Riverside Palais Royal Lawyers Bookcase, Royale Cherry Finish",2396.2656,4,0.32,-317.1528,Anomaly,-0.04283048064227479
6036,US-2015-155369,2015-04-19,2015-04-25,Standard Class,PG-18820,Patrick Gardner,Consumer,United States,Carrollton,Texas,75007,Central,OFF-BI-10003925,Office Supplies,Binders,Fellowes PB300 Plastic Comb Binding Machine,310.392,4,0.8,-512.1468,Anomaly,-0.04249387337131183
8272,CA-2016-169670,2016-12-25,2016-12-31,Standard Class,JE-15715,Joe Elijah,Consumer,United States,New York City,New York,10009,East,FUR-CH-10002331,Furniture,Chairs,Hon 4700 Series Mobuis Mid-Back Task Chairs with Adjustable Arms,2563.056,8,0.1,313.2624,Anomaly,-0.041621312606685223
9481,CA-2014-126193,2014-09-07,2014-09-14,Standard Class,SS-20410,Shahid Shariari,Consumer,United States,Oswego,Illinois,60543,Central,OFF-BI-10004632,Office Supplies,Binders,Ibico Hi-Tech Manual Binding System,304.99,5,0.8,-533.7325,Anomaly,-0.0413487305474145
3243,CA-2017-114524,2017-03-31,2017-04-05,Second Class,EG-13900,Emily Grady,Consumer,United States,Chicago,Illinois,60623,Central,OFF-BI-10002799,Office Supplies,Binders,"SlimView Poly Binder, 3/8""",13.468,13,0.8,-22.8956,Anomaly,-0.04055417049539067
5386,CA-2017-161410,2017-06-26,2017-07-03,Standard Class,CC-12220,Chris Cortes,Consumer,United States,Philadelphia,Pennsylvania,19143,East,TEC-PH-10000673,Technology,Phones,Plantronics Voyager Pro HD - Bluetooth Headset,545.916,14,0.4,72.7888,Anomaly,-0.039664032221716106
2568,CA-2017-123967,2017-11-01,2017-11-03,Second Class,SF-20200,Sarah Foster,Consumer,United States,Bellingham,Washington,98226,West,FUR-TA-10003954,Furniture,Tables,Hon 94000 Series Round Tables,2665.62,9,0.0,239.9058,Anomaly,-0.03899089607785611
1364,US-2017-155425,2017-11-10,2017-11-11,First Class,AB-10600,Ann Blume,Corporate,United States,Tucson,Arizona,85705,West,OFF-BI-10001036,Office Supplies,Binders,Cardinal EasyOpen D-Ring Binders,38.388,14,0.7,-25.592,Anomaly,-0.03849355121486375
3281,CA-2014-102988,2014-04-05,2014-04-09,Second Class,GM-14695,Greg Maxwell,Corporate,United States,Alexandria,Virginia,22304,South,OFF-SU-10002881,Office Supplies,Supplies,Martin Yale Chadless Opener Electric Letter Opener,4164.05,5,0.0,83.281,Anomaly,-0.038333681931420505
6621,US-2017-167402,2017-01-13,2017-01-18,Second Class,CP-12085,Cathy Prescott,Corporate,United States,Springfield,Missouri,65807,Central,OFF-SU-10002881,Office Supplies,Supplies,Martin Yale Chadless Opener Electric Letter Opener,4164.05,5,0.0,83.281,Anomaly,-0.038333681931420505
3460,CA-2017-136448,2017-09-16,2017-09-18,First Class,AS-10090,Adam Shillingsburg,Consumer,United States,Philadelphia,Pennsylvania,19143,East,OFF-BI-10001359,Office Supplies,Binders,GBC DocuBind TL300 Electric Binding System,538.194,2,0.7,-412.6154,Anomaly,-0.03804942339531148
6132,CA-2014-163447,2014-12-27,2014-12-31,Standard Class,TB-21190,Thomas Brumley,Home Office,United States,New York City,New York,10011,East,FUR-CH-10004477,Furniture,Chairs,"Global Push Button Manager's Chair, Indigo",767.214,14,0.1,161.9674,Anomaly,-0.03803649816763699
1714,US-2017-124968,2017-09-08,2017-09-13,Second Class,MM-18055,Michelle Moray,Consumer,United States,Chicago,Illinois,60610,Central,FUR-TA-10004289,Furniture,Tables,BoxOffice By Design Rectangular and Half-Moon Meeting Room Tables,765.625,7,0.5,-566.5625,Anomaly,-0.037744454605422084
8891,CA-2016-147256,2016-10-17,2016-10-21,Second Class,FC-14245,Frank Carlisle,Home Office,United States,Columbia,Missouri,65203,Central,OFF-AP-10003057,Office Supplies,Appliances,Honeywell Enviracaire Portable HEPA Air Cleaner for 16' x 20' Room,1927.59,7,0.0,751.7601,Anomaly,-0.037289394554296695
488,CA-2014-154627,2014-10-29,2014-10-31,First Class,SA-20830,Sue Ann Reed,Consumer,United States,Chicago,Illinois,60610,Central,TEC-PH-10001363,Technology,Phones,Apple iPhone 5S,2735.952,6,0.2,341.994,Anomaly,-0.03707204970745159
5627,CA-2014-126683,2014-09-29,2014-10-01,Second Class,PP-18955,Paul Prost,Home Office,United States,Seattle,Washington,98115,West,FUR-TA-10002958,Furniture,Tables,"Bevis Oval Conference Table, Walnut",2348.82,9,0.0,399.2994,Anomaly,-0.03676145539212172
4498,CA-2017-155075,2017-12-02,2017-12-09,Standard Class,GW-14605,Giulietta Weimer,Consumer,United States,Philadelphia,Pennsylvania,19140,East,OFF-BI-10003650,Office Supplies,Binders,GBC DocuBind 300 Electric Binding Machine,631.176,4,0.7,-462.8624,Anomaly,-0.03661622657986463
4640,CA-2016-102162,2016-09-11,2016-09-16,Standard Class,JF-15565,Jill Fjeld,Consumer,United States,Newport News,Virginia,23602,South,TEC-CO-10001943,Technology,Copiers,Canon PC-428 Personal Copier,1599.92,8,0.0,751.9624,Anomaly,-0.036058563798552545
3520,CA-2015-124975,2015-06-22,2015-06-25,First Class,MG-17875,Michael Grace,Home Office,United States,Aurora,Illinois,60505,Central,FUR-TA-10002645,Furniture,Tables,Hon Rectangular Conference Tables,796.425,7,0.5,-525.6405,Anomaly,-0.035970144753708855
7998,US-2017-105998,2017-11-03,2017-11-05,First Class,CR-12580,Clay Rozendal,Home Office,United States,San Diego,California,92037,West,FUR-TA-10001095,Furniture,Tables,Chromcraft Round Conference Tables,1673.184,12,0.2,20.9148,Anomaly,-0.03501298030859412
2794,CA-2014-154599,2014-04-12,2014-04-17,Standard Class,KN-16450,Kean Nguyen,Corporate,United States,Redondo Beach,California,90278,West,TEC-PH-10001557,Technology,Phones,Pyle PMP37LED,1075.088,14,0.2,94.0702,Anomaly,-0.03492836576166014
393,US-2014-135972,2014-09-21,2014-09-23,Second Class,JG-15115,Jack Garza,Consumer,United States,Des Moines,Washington,98198,West,TEC-CO-10002313,Technology,Copiers,Canon PC1080F Personal Copier,1799.97,3,0.0,701.9883,Anomaly,-0.03491711793114771
9165,CA-2015-164007,2015-06-08,2015-06-12,Standard Class,MG-17695,Maureen Gnade,Consumer,United States,Chicago,Illinois,60610,Central,OFF-AP-10003849,Office Supplies,Appliances,Hoover Shoulder Vac Commercial Portable Vacuum,143.128,2,0.8,-393.602,Anomaly,-0.034532113498737305
7282,CA-2017-159282,2017-10-16,2017-10-21,Standard Class,GH-14410,Gary Hansen,Home Office,United States,Yuma,Arizona,85364,West,TEC-MA-10001148,Technology,Machines,Swingline SM12-08 MicroCut Jam Free Shredder,599.985,5,0.7,-479.988,Anomaly,-0.034359074030167025
7174,US-2017-141677,2017-03-26,2017-03-30,Standard Class,HK-14890,Heather Kirkland,Corporate,United States,Houston,Texas,77070,Central,TEC-CO-10002313,Technology,Copiers,Canon PC1080F Personal Copier,2399.96,5,0.2,569.9905,Anomaly,-0.03412926147036699
8681,CA-2016-143805,2016-12-01,2016-12-03,Second Class,JD-15895,Jonathan Doherty,Corporate,United States,Richmond,Virginia,23223,South,OFF-AP-10002945,Office Supplies,Appliances,Honeywell Enviracaire Portable HEPA Air Cleaner for 17' x 22' Room,2104.55,7,0.0,694.5015,Anomaly,-0.0340698373295889
1430,US-2015-164448,2015-10-31,2015-11-04,Second Class,DK-12835,Damala Kotsonis,Corporate,United States,Salinas,California,93905,West,OFF-LA-10003510,Office Supplies,Labels,"Avery 4027 File Folder Labels for Dot Matrix Printers, 5000 Labels per Box, White",427.42,14,0.0,196.6132,Anomaly,-0.03329092603250272
3567,CA-2017-103877,2017-09-07,2017-09-14,Standard Class,RD-19660,Robert Dilbeck,Home Office,United States,Independence,Missouri,64055,Central,OFF-BI-10003650,Office Supplies,Binders,GBC DocuBind 300 Electric Binding Machine,1577.94,3,0.0,757.4112,Anomaly,-0.03289784499767612
9274,CA-2017-146983,2017-09-02,2017-09-06,Standard Class,AH-10210,Alan Hwang,Consumer,United States,Henderson,Kentucky,42420,South,OFF-BI-10003650,Office Supplies,Binders,GBC DocuBind 300 Electric Binding Machine,1577.94,3,0.0,757.4112,Anomaly,-0.03289784499767612
8252,CA-2015-140221,2015-03-05,2015-03-09,Second Class,MS-17365,Maribeth Schnelling,Consumer,United States,Chicago,Illinois,60653,Central,OFF-AP-10000828,Office Supplies,Appliances,Avanti 4.4 Cu. Ft. Refrigerator,180.98,5,0.8,-470.548,Anomaly,-0.0326338684264853
3581,CA-2016-104157,2016-07-25,2016-07-29,Standard Class,MT-17815,Meg Tillman,Consumer,United States,Jackson,Mississippi,39212,South,FUR-TA-10004915,Furniture,Tables,"Office Impressions End Table, 20-1/2""H x 24""W x 20""D",2430.08,8,0.0,388.8128,Anomaly,-0.03110887509206972
7349,CA-2014-130421,2014-03-03,2014-03-07,Standard Class,SC-20020,Sam Craven,Consumer,United States,Houston,Texas,77095,Central,OFF-AP-10002534,Office Supplies,Appliances,3.6 Cubic Foot Counter Height Office Refrigerator,176.772,3,0.8,-459.6072,Anomaly,-0.0309757333609616
9399,CA-2014-125997,2014-09-20,2014-09-23,First Class,MW-18220,Mitch Webber,Consumer,United States,New York City,New York,10011,East,TEC-PH-10003072,Technology,Phones,Panasonic KX-TG9541B DECT 6.0 Digital 2-Line Expandable Cordless Phone With Digital Answering System,1349.91,9,0.0,661.4559,Anomaly,-0.029845512325360923
3724,US-2014-169789,2014-12-30,2015-01-04,Standard Class,MF-17665,Maureen Fritzler,Corporate,United States,Phoenix,Arizona,85023,West,OFF-BI-10004600,Office Supplies,Binders,Ibico Ibimaster 300 Manual Binding System,551.985,5,0.7,-459.9875,Anomaly,-0.029516668436685434
9169,CA-2016-140571,2016-03-15,2016-03-19,Standard Class,SJ-20125,Sanjit Jacobs,Home Office,United States,Jackson,Mississippi,39212,South,OFF-PA-10001954,Office Supplies,Paper,Xerox 1964,319.76,14,0.0,147.0896,Anomaly,-0.02939841566251533
1682,CA-2014-122882,2014-09-07,2014-09-13,Standard Class,SB-20290,Sean Braxton,Corporate,United States,Philadelphia,Pennsylvania,19134,East,TEC-MA-10004679,Technology,Machines,StarTech.com 10/100 VDSL2 Ethernet Extender Kit,399.54,4,0.7,-559.356,Anomaly,-0.02938479621538237
3427,CA-2015-153381,2015-09-24,2015-09-28,Standard Class,DE-13255,Deanra Eno,Home Office,United States,Dubuque,Iowa,52001,Central,FUR-CH-10000988,Furniture,Chairs,Hon Olson Stacker Stools,1408.1,10,0.0,394.268,Anomaly,-0.029290679195400737
150,CA-2016-114489,2016-12-05,2016-12-09,Standard Class,JE-16165,Justin Ellison,Corporate,United States,Franklin,Wisconsin,53132,Central,FUR-CH-10000454,Furniture,Chairs,"Hon Deluxe Fabric Upholstered Stacking Chairs, Rounded Back",1951.84,8,0.0,585.552,Anomaly,-0.02926505832869597
170,CA-2014-139892,2014-09-08,2014-09-12,Standard Class,BM-11140,Becky Martin,Consumer,United States,San Antonio,Texas,78207,Central,OFF-AP-10002518,Office Supplies,Appliances,Kensington 7 Outlet MasterPiece Power Center,177.98,5,0.8,-453.849,Anomaly,-0.02897265819496231
1156,CA-2014-136567,2014-12-20,2014-12-21,First Class,PS-19045,Penelope Sewall,Home Office,United States,Harrisonburg,Virginia,22801,South,FUR-TA-10001932,Furniture,Tables,"Chromcraft 48"" x 96"" Racetrack Double Pedestal Table",2244.48,7,0.0,493.7856,Anomaly,-0.028872544072073736
9674,CA-2016-114867,2016-12-23,2016-12-28,Standard Class,FM-14290,Frank Merwin,Home Office,United States,Philadelphia,Pennsylvania,19143,East,TEC-PH-10002645,Technology,Phones,LG G2,1499.97,5,0.4,-374.9925,Anomaly,-0.028801299861344165
6117,US-2016-113677,2016-11-13,2016-11-19,Standard Class,CM-12655,Corinna Mitchell,Home Office,United States,New York City,New York,10011,East,TEC-PH-10002114,Technology,Phones,Xiaomi Mi3,2279.96,4,0.0,592.7896,Anomaly,-0.028762376250558663
3629,CA-2014-169726,2014-08-09,2014-08-13,Standard Class,JH-15985,Joseph Holt,Consumer,United States,Seattle,Washington,98103,West,OFF-BI-10004600,Office Supplies,Binders,Ibico Ibimaster 300 Manual Binding System,2060.744,7,0.2,643.9825,Anomaly,-0.028649449747851885
8761,CA-2016-159891,2016-01-31,2016-02-06,Standard Class,BF-11170,Ben Ferrer,Home Office,United States,Atlanta,Georgia,30318,South,OFF-BI-10003527,Office Supplies,Binders,Fellowes PB500 Electric Punch Plastic Comb Binding Machine with Manual Bind,1270.99,1,0.0,635.495,Anomaly,-0.028223769872891546
6567,CA-2017-131282,2017-02-05,2017-02-08,Second Class,CB-12025,Cassandra Brandow,Consumer,United States,Waco,Texas,76706,Central,OFF-BI-10004632,Office Supplies,Binders,Ibico Hi-Tech Manual Binding System,243.992,4,0.8,-426.986,Anomaly,-0.027562806705157206
5630,US-2016-146066,2016-08-21,2016-08-23,Second Class,RB-19465,Rick Bensley,Home Office,United States,Philadelphia,Pennsylvania,19143,East,FUR-TA-10002530,Furniture,Tables,"Iceberg OfficeWorks 42"" Round Tables",815.292,9,0.4,-339.705,Anomaly,-0.026903355126085104
3142,US-2014-122959,2014-12-12,2014-12-12,Same Day,CY-12745,Craig Yedwab,Corporate,United States,San Antonio,Texas,78207,Central,OFF-BI-10003650,Office Supplies,Binders,GBC DocuBind 300 Electric Binding Machine,210.392,2,0.8,-336.6272,Anomaly,-0.026736546748318823
2359,US-2014-148838,2014-03-17,2014-03-21,Standard Class,CP-12340,Christine Phan,Corporate,United States,New York City,New York,10024,East,FUR-TA-10001950,Furniture,Tables,Balt Solid Wood Round Tables,1071.576,4,0.4,-553.6476,Anomaly,-0.02648409487031811
7680,CA-2014-133592,2014-12-31,2015-01-07,Standard Class,KM-16375,Katherine Murray,Home Office,United States,Providence,Rhode Island,2908,East,TEC-AC-10002049,Technology,Accessories,Plantronics Savi W720 Multi-Device Wireless Headset System,1687.8,4,0.0,742.632,Anomaly,-0.026281837070437297
3571,CA-2017-168109,2017-07-03,2017-07-03,Same Day,JK-15640,Jim Kriz,Home Office,United States,Seattle,Washington,98105,West,TEC-AC-10002049,Technology,Accessories,Plantronics Savi W720 Multi-Device Wireless Headset System,1687.8,4,0.0,742.632,Anomaly,-0.026281837070437297
1049,CA-2014-139192,2014-05-27,2014-06-01,Second Class,LC-16885,Lena Creighton,Consumer,United States,San Francisco,California,94109,West,TEC-PH-10000486,Technology,Phones,Plantronics HL10 Handset Lifter,1113.504,12,0.2,125.2692,Anomaly,-0.024746740012759116
6629,CA-2015-135489,2015-09-19,2015-09-22,Second Class,GW-14605,Giulietta Weimer,Consumer,United States,New York City,New York,10024,East,TEC-PH-10000011,Technology,Phones,PureGear Roll-On Screen Protector,279.86,14,0.0,134.3328,Anomaly,-0.024717277429528228
5302,CA-2016-113831,2016-05-30,2016-06-03,Standard Class,AH-10690,Anna Häberlin,Corporate,United States,Springfield,Virginia,22153,South,TEC-AC-10003033,Technology,Accessories,Plantronics CS510 - Over-the-Head monaural Wireless Headset System,1979.7,6,0.0,653.301,Anomaly,-0.0246729997177334
1888,CA-2014-140165,2014-05-13,2014-05-15,First Class,EH-14005,Erica Hernandez,Home Office,United States,Hialeah,Florida,33012,South,OFF-BI-10004519,Office Supplies,Binders,GBC DocuBind P100 Manual Binding Machine,398.352,8,0.7,-331.96,Anomaly,-0.02464122569798477
3085,CA-2017-118773,2017-02-09,2017-02-14,Standard Class,TP-21415,Tom Prescott,Consumer,United States,Houston,Texas,77070,Central,OFF-BI-10004584,Office Supplies,Binders,GBC ProClick 150 Presentation Binding System,252.784,4,0.8,-417.0936,Anomaly,-0.02445941363006565
661,CA-2015-146563,2015-08-24,2015-08-28,Standard Class,CB-12025,Cassandra Brandow,Consumer,United States,Arlington,Texas,76017,Central,OFF-ST-10001511,Office Supplies,Storage,Space Solutions Commercial Steel Shelving,724.08,14,0.2,-135.765,Anomaly,-0.024424649600288895
1806,US-2016-116729,2016-12-25,2016-12-28,First Class,GK-14620,Grace Kelly,Corporate,United States,Los Angeles,California,90049,West,TEC-PH-10002200,Technology,Phones,Samsung Galaxy Note 2,2575.944,7,0.2,257.5944,Anomaly,-0.022750938846417657
4230,CA-2017-100223,2017-07-05,2017-07-10,Standard Class,LS-16945,Linda Southworth,Corporate,United States,Dallas,Texas,75220,Central,FUR-FU-10003601,Furniture,Furnishings,"Deflect-o RollaMat Studded, Beveled Mat for Medium Pile Carpeting",332.028,9,0.6,-348.6294,Anomaly,-0.022329912542705
3151,CA-2015-147830,2015-12-15,2015-12-18,First Class,NF-18385,Natalie Fritzler,Consumer,United States,Newark,Ohio,43055,East,TEC-AC-10002049,Technology,Accessories,Plantronics Savi W720 Multi-Device Wireless Headset System,2025.36,6,0.2,607.608,Anomaly,-0.022279697829073464
1702,CA-2015-114069,2015-07-13,2015-07-15,Second Class,ND-18370,Natalie DeCherney,Consumer,United States,New York City,New York,10035,East,FUR-CH-10000595,Furniture,Chairs,Safco Contoured Stacking Chairs,1931.04,9,0.1,321.84,Anomaly,-0.02219860076634661
5764,CA-2015-162047,2015-11-03,2015-11-05,First Class,FH-14365,Fred Hopkins,Corporate,United States,Long Beach,New York,11561,East,FUR-CH-10004983,Furniture,Chairs,Office Star - Mid Back Dual function Ergonomic High Back Chair with 2-Way Adjustable Arms,1448.82,10,0.1,209.274,Anomaly,-0.02190914415603107
3184,CA-2017-152912,2017-11-09,2017-11-12,Second Class,BM-11650,Brian Moss,Corporate,United States,Columbia,Maryland,21044,East,OFF-ST-10003208,Office Supplies,Storage,Adjustable Depth Letter/Legal Cart,1633.14,9,0.0,473.6106,Anomaly,-0.021904170046657456
2021,CA-2016-168354,2016-09-19,2016-09-21,First Class,RH-19510,Rick Huthwaite,Home Office,United States,Providence,Rhode Island,2908,East,OFF-ST-10001490,Office Supplies,Storage,"Hot File 7-Pocket, Floor Stand",1606.23,9,0.0,481.869,Anomaly,-0.021803514658444545
6011,CA-2015-135580,2015-12-30,2016-01-03,Standard Class,CL-12565,Clay Ludtke,Consumer,United States,Los Angeles,California,90049,West,TEC-MA-10004002,Technology,Machines,Zebra GX420t Direct Thermal/Thermal Transfer Printer,2548.56,6,0.2,286.713,Anomaly,-0.0214960063218822
6882,CA-2015-137113,2015-12-01,2015-12-05,Second Class,TW-21025,Tamara Willingham,Home Office,United States,Seattle,Washington,98105,West,FUR-TA-10001705,Furniture,Tables,Bush Advantage Collection Round Conference Table,1913.4,9,0.0,401.814,Anomaly,-0.021293265588428922
7541,US-2017-112347,2017-12-02,2017-12-06,Standard Class,BS-11380,Bill Stewart,Corporate,United States,Denver,Colorado,80219,West,FUR-BO-10003546,Furniture,Bookcases,Hon 4-Shelf Metal Bookcases,242.352,8,0.7,-363.528,Anomaly,-0.0209090703226803
245,CA-2014-131926,2014-06-01,2014-06-06,Second Class,DW-13480,Dianna Wilson,Home Office,United States,Lakeville,Minnesota,55044,Central,FUR-CH-10004063,Furniture,Chairs,Global Deluxe High-Back Manager's Chair,2001.86,7,0.0,580.5394,Anomaly,-0.020860219007091785
6801,CA-2016-109827,2016-12-25,2017-01-01,Standard Class,LW-16825,Laurel Workman,Corporate,United States,Phoenix,Arizona,85023,West,TEC-MA-10003356,Technology,Machines,Panasonic KX MC6040 Color Laser Multifunction Printer,269.97,2,0.7,-386.957,Anomaly,-0.01979630601892224
9980,US-2016-103674,2016-12-06,2016-12-10,Standard Class,AP-10720,Anne Pryor,Home Office,United States,Los Angeles,California,90032,West,OFF-BI-10002026,Office Supplies,Binders,Ibico Recycled Linen-Style Covers,437.472,14,0.2,153.1152,Anomaly,-0.019309004398271434
7772,CA-2016-108196,2016-11-25,2016-12-02,Standard Class,CS-12505,Cindy Stewart,Consumer,United States,Lancaster,Ohio,43130,East,OFF-BI-10000545,Office Supplies,Binders,GBC Ibimaster 500 Manual ProClick Binding System,456.588,2,0.7,-304.392,Anomaly,-0.01918799348310829
8236,CA-2017-102204,2017-05-01,2017-05-06,Standard Class,CJ-12010,Caroline Jumper,Consumer,United States,Jacksonville,Florida,32216,South,FUR-TA-10001889,Furniture,Tables,Bush Advantage Collection Racetrack Conference Table,933.262,4,0.45,-458.1468,Anomaly,-0.018324753121019777
1597,CA-2017-132234,2017-10-16,2017-10-18,First Class,MY-17380,Maribeth Yedwab,Corporate,United States,New York City,New York,10011,East,FUR-FU-10001290,Furniture,Furnishings,Executive Impressions Supervisor Wall Clock,547.3,13,0.0,175.136,Anomaly,-0.018263664478955555
5757,CA-2014-163748,2014-10-14,2014-10-18,Standard Class,HG-15025,Hunter Glantz,Consumer,United States,Fort Worth,Texas,76106,Central,TEC-CO-10002095,Technology,Copiers,Hewlett Packard 610 Color Digital Copier / Printer,1999.96,5,0.2,624.9875,Anomaly,-0.018050902905095256
1046,CA-2017-152702,2017-10-12,2017-10-16,Standard Class,SN-20710,Steve Nguyen,Home Office,United States,Rockford,Illinois,61107,Central,FUR-CH-10002304,Furniture,Chairs,"Global Stack Chair without Arms, Black",254.604,14,0.3,-18.186,Anomaly,-0.01778199656090962
6468,CA-2016-163804,2016-12-02,2016-12-08,Standard Class,DB-13270,Deborah Brumfield,Home Office,United States,Providence,Rhode Island,2908,East,OFF-ST-10000142,Office Supplies,Storage,Deluxe Rollaway Locking File with Drawer,2079.4,5,0.0,582.232,Anomaly,-0.01672795163328178
224,CA-2015-169397,2015-12-24,2015-12-27,First Class,JB-15925,Joni Blumstein,Consumer,United States,Dublin,Ohio,43017,East,TEC-MA-10001148,Technology,Machines,Swingline SM12-08 MicroCut Jam Free Shredder,479.988,4,0.7,-383.9904,Anomaly,-0.01658047254943107
378,US-2017-134481,2017-08-27,2017-09-01,Standard Class,AR-10405,Allen Rosenblatt,Corporate,United States,Franklin,Massachusetts,2038,East,FUR-TA-10004915,Furniture,Tables,"Office Impressions End Table, 20-1/2""H x 24""W x 20""D",1488.424,7,0.3,-297.6848,Anomaly,-0.015557363951770098
8469,US-2016-164196,2016-11-11,2016-11-17,Standard Class,AS-10285,Alejandro Savely,Corporate,United States,Noblesville,Indiana,46060,Central,FUR-TA-10001950,Furniture,Tables,Balt Solid Wood Round Tables,2678.94,6,0.0,241.1046,Anomaly,-0.015484241565953738
5926,CA-2017-150420,2017-06-03,2017-06-08,Standard Class,GD-14590,Giulietta Dortch,Corporate,United States,Bellingham,Washington,98226,West,TEC-AC-10004975,Technology,Accessories,Plantronics Audio 995 Wireless Stereo Headset,1099.5,10,0.0,362.835,Anomaly,-0.015366297424296627
5785,CA-2017-141117,2017-10-02,2017-10-08,Standard Class,JK-16090,Juliana Krohn,Consumer,United States,Springfield,Oregon,97477,West,FUR-BO-10001972,Furniture,Bookcases,O'Sullivan 4-Shelf Bookcase in Odessa Pine,217.764,6,0.7,-384.7164,Anomaly,-0.015224262552110734
9733,CA-2014-114321,2014-08-20,2014-08-25,Standard Class,NC-18535,Nick Crebassa,Corporate,United States,Hampton,Virginia,23666,South,FUR-CH-10001797,Furniture,Chairs,"Safco Chair Connectors, 6/Carton",500.24,13,0.0,145.0696,Anomaly,-0.015191737821125706
6102,CA-2017-100111,2017-09-20,2017-09-26,Standard Class,SV-20365,Seth Vernon,Consumer,United States,New York City,New York,10035,East,FUR-CH-10001215,Furniture,Chairs,Global Troy Executive Leather Low-Back Tilter,2254.41,5,0.1,375.735,Anomaly,-0.014964726114159888
9533,CA-2016-116596,2016-10-27,2016-10-31,Standard Class,BW-11200,Ben Wallace,Consumer,United States,New York City,New York,10011,East,FUR-CH-10000553,Furniture,Chairs,"Metal Folding Chairs, Beige, 4/Carton",427.644,14,0.1,80.7772,Anomaly,-0.014744820457359697
5012,US-2017-139647,2017-05-11,2017-05-13,First Class,TS-21370,Todd Sumrall,Corporate,United States,Phoenix,Arizona,85023,West,FUR-BO-10004467,Furniture,Bookcases,Bestar Classic Bookcase,209.979,7,0.7,-356.9643,Anomaly,-0.014201575878781347
1834,CA-2017-162691,2017-08-01,2017-08-07,Standard Class,AS-10045,Aaron Smayling,Corporate,United States,Austin,Texas,78745,Central,TEC-MA-10000488,Technology,Machines,Bady BDG101FRU Card Printer,1439.982,3,0.4,-263.9967,Anomaly,-0.013628016937964893
3915,US-2017-142573,2017-07-18,2017-07-23,Standard Class,ML-17410,Maris LaWare,Consumer,United States,Phoenix,Arizona,85023,West,FUR-TA-10001932,Furniture,Tables,"Chromcraft 48"" x 96"" Racetrack Double Pedestal Table",801.6,5,0.5,-448.896,Anomaly,-0.013493996070133019
7521,US-2017-167920,2017-12-09,2017-12-12,Second Class,JL-15835,John Lee,Consumer,United States,Richmond,Kentucky,40475,South,TEC-CO-10001046,Technology,Copiers,Canon Imageclass D680 Copier / Fax,1399.98,2,0.0,629.991,Anomaly,-0.013245168621257464
9105,CA-2015-163181,2015-11-07,2015-11-12,Standard Class,AB-10105,Adrian Barton,Consumer,United States,Houston,Texas,77041,Central,OFF-BI-10000474,Office Supplies,Binders,Avery Recycled Flexi-View Covers for Binding Systems,32.06,10,0.8,-51.296,Anomaly,-0.012401255582724757
8927,CA-2016-168032,2016-01-30,2016-02-03,Standard Class,DF-13135,David Flashing,Consumer,United States,Rockford,Illinois,61107,Central,FUR-TA-10004256,Furniture,Tables,Bretford Just In Time Height-Adjustable Multi-Task Work Tables,626.1,3,0.5,-538.446,Anomaly,-0.011980901233444419
9948,CA-2017-121559,2017-06-01,2017-06-03,Second Class,HW-14935,Helen Wasserman,Corporate,United States,Indianapolis,Indiana,46203,Central,FUR-CH-10003746,Furniture,Chairs,Hon 4070 Series Pagoda Round Back Stacking Chairs,1925.88,6,0.0,539.2464,Anomaly,-0.01194781255837929
1023,CA-2015-124450,2015-04-27,2015-05-03,Standard Class,GT-14710,Greg Tran,Consumer,United States,Washington,District of Columbia,20016,East,TEC-MA-10004212,Technology,Machines,Cisco SPA525G2 5-Line IP Phone,1379.92,8,0.0,648.5624,Anomaly,-0.011851515673204194
2861,CA-2017-138975,2017-05-19,2017-05-23,Standard Class,SC-20380,Shahid Collister,Consumer,United States,Atlanta,Georgia,30318,South,FUR-BO-10004695,Furniture,Bookcases,O'Sullivan 2-Door Barrister Bookcase in Odessa Pine,1628.82,9,0.0,374.6286,Anomaly,-0.011603931203103768
1296,CA-2015-138898,2015-05-25,2015-05-29,Standard Class,JH-16180,Justin Hirsh,Consumer,United States,Pueblo,Colorado,81001,West,OFF-AP-10004487,Office Supplies,Appliances,Kensington 4 Outlet MasterPiece Compact Power Control Center,845.728,13,0.2,84.5728,Anomaly,-0.011083575460367756
168,CA-2014-139892,2014-09-08,2014-09-12,Standard Class,BM-11140,Becky Martin,Consumer,United States,San Antonio,Texas,78207,Central,FUR-CH-10004287,Furniture,Chairs,SAFCO Arco Folding Chair,1740.06,9,0.3,-24.858,Anomaly,-0.010975769543683067
9591,CA-2014-119172,2014-05-11,2014-05-15,Standard Class,HD-14785,Harold Dahlen,Home Office,United States,Chicago,Illinois,60610,Central,OFF-BI-10002026,Office Supplies,Binders,Avery Arch Ring Binders,104.58,9,0.8,-172.557,Anomaly,-0.010696982428505142
1003,CA-2015-124891,2015-07-31,2015-07-31,Same Day,RH-19495,Rick Hansen,Consumer,United States,New York City,New York,10024,East,FUR-TA-10002903,Furniture,Tables,"Bevis Round Bullnose 29"" High Table Top",1090.782,7,0.4,-290.8752,Anomaly,-0.010688538461512964
1899,CA-2014-169775,2014-08-29,2014-09-02,Second Class,RA-19945,Ryan Akin,Consumer,United States,Miami,Florida,33178,South,OFF-BI-10004390,Office Supplies,Binders,GBC DocuBind 200 Manual Binding Machine,505.176,4,0.7,-336.784,Anomaly,-0.010522755345208745
6635,CA-2017-144498,2017-05-06,2017-05-06,Same Day,MB-18085,Mick Brown,Consumer,United States,Charlotte,North Carolina,28205,South,OFF-BI-10003982,Office Supplies,Binders,Wilson Jones Century Plastic Molded Ring Binders,68.541,11,0.7,-52.5481,Anomaly,-0.010241473238238541
4,US-2015-108966,2015-10-11,2015-10-18,Standard Class,SO-20335,Sean O'Donnell,Consumer,United States,Fort Lauderdale,Florida,33311,South,FUR-TA-10000577,Furniture,Tables,Bretford CR4500 Series Slim Rectangular Table,957.5775,5,0.45,-383.031,Anomaly,-0.010033683691765605
8700,CA-2017-119284,2017-06-15,2017-06-20,Standard Class,TS-21205,Thomas Seio,Corporate,United States,Nashville,Tennessee,37211,South,TEC-PH-10000560,Technology,Phones,Samsung Galaxy S III - 16GB - pebble blue (T-Mobile),2239.936,8,0.2,223.9936,Anomaly,-0.00998409703229719
1864,US-2016-100839,2016-10-13,2016-10-17,Standard Class,NC-18625,Noah Childs,Corporate,United States,Aurora,Colorado,80013,West,FUR-TA-10004575,Furniture,Tables,Hon 5100 Series Wood Tables,727.45,5,0.5,-465.568,Anomaly,-0.009425564294827327
387,CA-2015-122756,2015-12-03,2015-12-07,Standard Class,DK-13225,Dean Katz,Corporate,United States,Philadelphia,Pennsylvania,19140,East,TEC-MA-10001681,Technology,Machines,Lexmark MarkNet N8150 Wireless Print Server,482.34,4,0.7,-337.638,Anomaly,-0.009177299281726281
7133,CA-2017-141439,2017-11-26,2017-12-01,Standard Class,TT-21460,Tonja Turnell,Home Office,United States,Richmond,Indiana,47374,Central,TEC-PH-10002624,Technology,Phones,Samsung Galaxy S4 Mini,1879.96,4,0.0,545.1884,Anomaly,-0.00895608416807514
680,US-2017-119438,2017-03-18,2017-03-23,Standard Class,CD-11980,Carol Darley,Consumer,United States,Tyler,Texas,75701,Central,OFF-BI-10004632,Office Supplies,Binders,Ibico Hi-Tech Manual Binding System,182.994,3,0.8,-320.2395,Anomaly,-0.008645525983188573
4083,US-2017-151316,2017-06-24,2017-06-30,Standard Class,MC-17635,Matthew Clasen,Corporate,United States,Decatur,Illinois,62521,Central,OFF-BI-10004632,Office Supplies,Binders,Ibico Hi-Tech Manual Binding System,182.994,3,0.8,-320.2395,Anomaly,-0.008645525983188573
6632,CA-2016-105081,2016-12-25,2016-12-30,Standard Class,JE-15715,Joe Elijah,Consumer,United States,Seattle,Washington,98115,West,FUR-TA-10001307,Furniture,Tables,"SAFCO PlanMaster Heigh-Adjustable Drafting Table Base, 43w x 30d x 30-37h, Black",1747.25,5,0.0,629.01,Anomaly,-0.0077704806768547074
126,US-2014-134614,2014-09-20,2014-09-25,Standard Class,PF-19165,Philip Fox,Consumer,United States,Bloomington,Illinois,61701,Central,FUR-TA-10004534,Furniture,Tables,Bevis 44 x 96 Conference Tables,617.7,6,0.5,-407.682,Anomaly,-0.0072514454462354605
7176,US-2017-141677,2017-03-26,2017-03-30,Standard Class,HK-14890,Heather Kirkland,Corporate,United States,Houston,Texas,77070,Central,OFF-AP-10001205,Office Supplies,Appliances,Belkin 5 Outlet SurgeMaster Power Centers,87.168,8,0.8,-226.6368,Anomaly,-0.00675006259975619
3771,CA-2016-155530,2016-12-17,2016-12-21,Standard Class,CM-12160,Charles McCrossin,Consumer,United States,San Francisco,California,94122,West,FUR-TA-10004256,Furniture,Tables,Bretford Just In Time Height-Adjustable Multi-Task Work Tables,2003.52,6,0.2,-325.572,Anomaly,-0.006739458352469474
2768,CA-2017-167752,2017-01-15,2017-01-18,First Class,RW-19690,Robert Waldorf,Consumer,United States,Philadelphia,Pennsylvania,19134,East,OFF-AP-10002945,Office Supplies,Appliances,Honeywell Enviracaire Portable HEPA Air Cleaner for 17' x 22' Room,1924.16,8,0.2,312.676,Anomaly,-0.006020611986800373
5017,CA-2014-153850,2014-11-24,2014-11-29,Standard Class,TH-21100,Thea Hendricks,Consumer,United States,Toledo,Ohio,43615,East,TEC-PH-10002584,Technology,Phones,Samsung Galaxy S4,1502.376,4,0.4,-250.396,Anomaly,-0.005503133247724112
6489,CA-2015-120621,2015-03-21,2015-03-26,Standard Class,JW-16075,Julia West,Consumer,United States,Jacksonville,North Carolina,28540,South,OFF-PA-10002254,Office Supplies,Paper,Xerox 1883,295.456,14,0.2,96.0232,Anomaly,-0.005476516546447874
1670,US-2015-157154,2015-01-10,2015-01-15,Standard Class,MM-17920,Michael Moore,Consumer,United States,New York City,New York,10011,East,FUR-TA-10001889,Furniture,Tables,Bush Advantage Collection Racetrack Conference Table,1018.104,4,0.4,-373.3048,Anomaly,-0.005417210317389398
3570,CA-2017-168109,2017-07-03,2017-07-03,Same Day,JK-15640,Jim Kriz,Home Office,United States,Seattle,Washington,98105,West,TEC-MA-10001148,Technology,Machines,Okidata MB491 Multifunction Printer,2395.2,6,0.2,209.58,Anomaly,-0.005415830350921191
5426,CA-2016-153598,2016-12-03,2016-12-06,First Class,NM-18520,Neoma Murray,Consumer,United States,Los Angeles,California,90045,West,TEC-AC-10003870,Technology,Accessories,Logitech Z-906 Speaker sys - home theater - 5.1-CH,1649.95,5,0.0,659.98,Anomaly,-0.0053739631155123035
8302,US-2017-167318,2017-07-26,2017-08-01,Standard Class,GZ-14545,George Zrebassa,Corporate,United States,Los Angeles,California,90036,West,TEC-AC-10003870,Technology,Accessories,Logitech Z-906 Speaker sys - home theater - 5.1-CH,1649.95,5,0.0,659.98,Anomaly,-0.0053739631155123035
9158,CA-2014-134215,2014-08-04,2014-08-08,Standard Class,ML-17395,Marina Lichtenstein,Corporate,United States,Bangor,Maine,4401,East,OFF-PA-10004353,Office Supplies,Paper,Southworth 25% Cotton Premium Laser Paper and Envelopes,259.74,13,0.0,124.6752,Anomaly,-0.0051849325188728645
9485,CA-2016-164770,2016-12-02,2016-12-04,Second Class,MY-18295,Muhammed Yedwab,Corporate,United States,Houston,Texas,77036,Central,FUR-BO-10003893,Furniture,Bookcases,Sauder Camden County Collection Library,781.864,10,0.32,-137.976,Anomaly,-0.005085370368176689
7687,CA-2016-169838,2016-11-25,2016-11-29,Standard Class,BB-11545,Brenda Bowman,Corporate,United States,Jackson,Michigan,49201,Central,FUR-TA-10001095,Furniture,Tables,Chromcraft Round Conference Tables,1568.61,9,0.0,329.4081,Anomaly,-0.004665289753592483
7345,CA-2017-168389,2017-12-11,2017-12-17,Standard Class,DV-13045,Darrin Van Huff,Corporate,United States,Jacksonville,Florida,32216,South,FUR-TA-10004289,Furniture,Tables,BoxOffice By Design Rectangular and Half-Moon Meeting Room Tables,721.875,6,0.45,-420.0,Anomaly,-0.00453668739128299
2190,CA-2017-143063,2017-08-10,2017-08-15,Standard Class,IL-15100,Ivan Liston,Consumer,United States,Columbus,Indiana,47201,Central,TEC-PH-10003645,Technology,Phones,Aastra 57i VoIP phone,1454.49,9,0.0,378.1674,Anomaly,-0.00441768841991752
4429,CA-2017-119452,2017-03-21,2017-03-27,Standard Class,CL-12565,Clay Ludtke,Consumer,United States,Tulsa,Oklahoma,74133,Central,FUR-CH-10004495,Furniture,Chairs,"Global Leather and Oak Executive Chair, Black",1805.88,6,0.0,523.7052,Anomaly,-0.004389535879354534
6114,CA-2016-124590,2016-11-12,2016-11-16,Standard Class,SP-20920,Susan Pistek,Consumer,United States,Parma,Ohio,44134,East,FUR-CH-10000454,Furniture,Chairs,"Hon Deluxe Fabric Upholstered Stacking Chairs, Rounded Back",1537.074,9,0.3,0.0,Anomaly,-0.0031765548854951753
1445,CA-2016-133725,2016-05-23,2016-05-28,Standard Class,KL-16645,Ken Lonsdale,Consumer,United States,Chicago,Illinois,60623,Central,TEC-PH-10004165,Technology,Phones,Mitel MiVoice 5330e IP Phone,1979.928,9,0.2,148.4946,Anomaly,-0.0030709250348213146
3044,CA-2017-149559,2017-09-11,2017-09-12,Same Day,KF-16285,Karen Ferguson,Home Office,United States,Long Beach,California,90805,West,FUR-CH-10002320,Furniture,Chairs,Hon Pagoda Stacking Chairs,2054.272,8,0.2,256.784,Anomaly,-0.0025612228487907895
1045,CA-2017-115651,2017-07-09,2017-07-12,First Class,NS-18640,Noel Staavos,Corporate,United States,Chicago,Illinois,60610,Central,OFF-AP-10000055,Office Supplies,Appliances,Belkin F9S820V06 8 Outlet Surge,58.464,9,0.8,-146.16,Anomaly,-0.001876423364844837
9087,CA-2016-143406,2016-09-26,2016-09-30,Standard Class,LR-17035,Lisa Ryan,Corporate,United States,Houston,Texas,77041,Central,OFF-AP-10001564,Office Supplies,Appliances,Hoover Commercial Lightweight Upright Vacuum with E-Z Empty Dirt Cup,93.032,2,0.8,-251.1864,Anomaly,-0.0018474828837040658
8169,CA-2017-107174,2017-11-06,2017-11-13,Standard Class,AB-10060,Adam Bellavance,Home Office,United States,Seattle,Washington,98105,West,FUR-TA-10004575,Furniture,Tables,Hon 5100 Series Wood Tables,2036.86,7,0.0,366.6348,Anomaly,-0.0018168720239732927
1395,US-2017-117247,2017-10-09,2017-10-14,Standard Class,CK-12760,Cyma Kinney,Corporate,United States,Aurora,Illinois,60505,Central,FUR-TA-10002958,Furniture,Tables,"Bevis Oval Conference Table, Walnut",652.45,5,0.5,-430.617,Anomaly,-0.0016108770871713363
6296,CA-2014-141313,2014-12-28,2015-01-01,Standard Class,AJ-10780,Anthony Jacobs,Corporate,United States,Beverly,Massachusetts,1915,East,OFF-AP-10002651,Office Supplies,Appliances,Hoover Upright Vacuum With Dirt Cup,1737.18,6,0.0,503.7822,Anomaly,-0.0014452402054508928
8800,CA-2014-116666,2014-05-08,2014-05-10,First Class,KT-16480,Kean Thornton,Consumer,United States,Philadelphia,Pennsylvania,19134,East,TEC-CO-10001449,Technology,Copiers,Hewlett Packard LaserJet 3310 Copier,1799.97,5,0.4,239.996,Anomaly,-0.0010692708451407462
5796,CA-2014-124856,2014-09-29,2014-10-03,Second Class,LD-17005,Lisa DeCherney,Consumer,United States,New York City,New York,10011,East,OFF-ST-10002615,Office Supplies,Storage,"Dual Level, Single-Width Filing Carts",1395.54,9,0.0,362.8404,Anomaly,-0.000751249364897566
2142,CA-2014-159520,2014-06-06,2014-06-11,Standard Class,GT-14635,Grant Thornton,Corporate,United States,Long Beach,New York,11561,East,FUR-TA-10003238,Furniture,Tables,"Chromcraft Bull-Nose Wood 48"" x 96"" Rectangular Conference Tables",991.764,3,0.4,-347.1174,Anomaly,-0.0007152617065836475
9942,CA-2017-164028,2017-11-24,2017-11-30,Standard Class,JL-15835,John Lee,Consumer,United States,San Francisco,California,94122,West,TEC-AC-10001772,Technology,Accessories,Memorex Mini Travel Drive 16 GB USB 2.0 Flash Drive,223.58,14,0.0,87.1962,Anomaly,-0.0007116347466997741
3385,CA-2015-130659,2015-12-04,2015-12-09,Second Class,MS-17365,Maribeth Schnelling,Consumer,United States,New York City,New York,10035,East,TEC-PH-10004586,Technology,Phones,Wilson SignalBoost 841262 DB PRO Amplifier Kit,1799.75,5,0.0,539.925,Anomaly,-0.0002873082972701946
