Customer ID,Customer Name,OrderCount,TotalSales,TotalProfit,TotalQuantity,AvgDiscount,AvgSalesPerOrder,ClusterId,ClusterName
AA-10315,Alex Avila,5,5563.56,-362.8825,30,0.09090909090909091,505.77818181818185,3,Low Value
AA-10375,Allen Armold,9,1056.39,277.3824,41,0.08000000000000002,70.426,3,Low Value
AA-10480,Andrew Allen,4,1790.5120000000002,435.8274,36,0.016666666666666666,149.20933333333335,3,Low Value
AA-10645,Anna Andreadi,6,5086.9349999999995,857.8033,64,0.06388888888888888,282.60749999999996,2,Medium Value
AB-10015,Aaron Bergman,3,886.156,129.3465,13,0.06666666666666667,147.69266666666667,3,Low Value
AB-10060,Adam Bellavance,8,7755.62,2054.5885,56,0.044444444444444446,430.86777777777775,1,High Value
AB-10105,Adrian Barton,10,14473.570999999998,5444.8055,73,0.24,723.6785499999999,1,High Value
AB-10150,Aimee Bixby,5,966.71,313.6597,37,0.13333333333333333,80.55916666666667,3,Low Value
AB-10165,Alan Barnes,8,1113.838,220.813,48,0.13571428571428573,79.55985714285714,3,Low Value
AB-10255,Alejandro Ballentine,9,914.5319999999999,264.5675,39,0.1,65.32371428571427,3,Low Value
AB-10600,Ann Blume,4,1515.862,-274.9604,38,0.375,189.48275,0,Emerging Value
AC-10420,Alyssa Crouse,3,925.8,-62.1342,17,0.32,185.16,0,Emerging Value
AC-10450,Amy Cox,7,5527.846,1366.0098,43,0.18888888888888888,614.205111111111,1,High Value
AC-10615,Ann Chong,5,2537.6859999999997,298.8273,59,0.1111111111111111,140.98255555555554,3,Low Value
AC-10660,Anna Chung,5,657.316,-28.700399999999995,16,0.18333333333333335,109.55266666666667,0,Emerging Value
AD-10180,Alan Dominguez,8,6106.88,1869.9294,40,0.05833333333333333,508.9066666666667,1,High Value
AF-10870,Art Ferguson,7,2052.908,317.9712,51,0.2,128.30675,0,Emerging Value
AF-10885,Art Foster,4,861.565,-163.1175,37,0.2571428571428572,123.0807142857143,0,Emerging Value
AG-10270,Alejandro Grove,5,2582.898,732.7399,58,0.014285714285714287,184.4927142857143,3,Low Value
AG-10300,Aleksandra Gannaway,4,367.548,59.288399999999996,16,0.08,73.5096,3,Low Value
AG-10330,Alex Grayson,5,660.972,-5.137100000000006,47,0.23333333333333334,73.44133333333333,0,Emerging Value
AG-10390,Allen Goldenen,5,200.945,69.2784,33,0.22499999999999998,25.118125,0,Emerging Value
AG-10495,Andrew Gjertsen,8,2356.855,295.6668,93,0.20476190476190476,112.23119047619048,2,Medium Value
AG-10525,Andy Gerbode,4,1455.038,-152.7613,33,0.15555555555555556,161.6708888888889,3,Low Value
AG-10675,Anna Gayman,7,3489.0396000000005,-246.42570000000003,54,0.16133333333333333,232.60264000000004,2,Medium Value
AG-10765,Anthony Garverick,4,170.584,-8.431000000000001,20,0.45999999999999996,34.1168,0,Emerging Value
AG-10900,Arthur Gainer,10,4510.797,343.6824,92,0.16666666666666666,214.79985714285712,2,Medium Value
AH-10030,Aaron Hawkins,7,1744.7,365.2152,54,0.09090909090909091,158.60909090909092,3,Low Value
AH-10075,Adam Hart,10,3250.337,281.189,75,0.135,162.51685,2,Medium Value
AH-10120,Adrian Hane,7,1735.5140000000001,-2.3145999999999773,65,0.23750000000000002,108.46962500000001,2,Medium Value
AH-10195,Alan Haines,4,1587.452,-378.5509,28,0.35,198.4315,0,Emerging Value
AH-10210,Alan Hwang,9,4805.344,1308.5546,53,0.09230769230769233,369.64184615384613,2,Medium Value
AH-10465,Amy Hunt,5,2495.3916,-196.12009999999998,35,0.14,311.92395,3,Low Value
AH-10585,Angele Hood,4,738.504,83.96300000000001,17,0.12000000000000002,147.70080000000002,3,Low Value
AH-10690,Anna Häberlin,12,7888.294,1298.0166,102,0.21739130434782608,342.9693043478261,2,Medium Value
AI-10855,Arianne Irving,10,4375.786,867.7271000000001,72,0.07222222222222223,243.09922222222224,2,Medium Value
AJ-10780,Anthony Jacobs,7,4867.344,150.71300000000005,62,0.08666666666666667,324.4896,2,Medium Value
AJ-10795,Anthony Johnson,7,4501.391,1158.7064,88,0.08333333333333333,214.35195238095235,2,Medium Value
AJ-10945,Ashley Jarboe,7,1839.24,521.1351999999999,40,0.04,183.924,3,Low Value
AJ-10960,Astrea Jones,3,629.2479999999999,60.4265,22,0.04,125.84959999999998,3,Low Value
AM-10360,Alice McCarthy,5,814.012,194.9878,48,0.125,67.83433333333333,3,Low Value
AM-10705,Anne McFarland,8,5664.022,1085.7326,81,0.06363636363636363,257.4555454545455,2,Medium Value
AO-10810,Anthony O'Donnell,1,161.28,12.096,2,0.2,161.28,0,Emerging Value
AP-10720,Anne Pryor,8,1638.554,285.7888,85,0.1631578947368421,86.23968421052632,2,Medium Value
AP-10915,Arthur Prichep,10,3323.556,579.3113,102,0.09354838709677421,107.21148387096774,2,Medium Value
AR-10345,Alex Russell,4,1055.694,-221.0544,18,0.26,211.1388,0,Emerging Value
AR-10405,Allen Rosenblatt,5,2236.128,-98.7646,29,0.09999999999999999,319.44685714285714,3,Low Value
AR-10510,Andrew Roberts,5,264.86400000000003,43.6695,33,0.21428571428571427,37.83771428571429,0,Emerging Value
AR-10540,Andy Reiter,6,6608.448,2884.6208,33,0.06666666666666668,734.272,1,High Value
AR-10570,Anemone Ratner,1,88.15,32.633,6,0.0,44.075,3,Low Value
AR-10825,Anthony Rawles,8,4523.336,494.83519999999993,54,0.07692307692307693,347.9489230769231,2,Medium Value
AS-10045,Aaron Smayling,7,3050.692,-253.57459999999998,48,0.355,305.0692,0,Emerging Value
AS-10090,Adam Shillingsburg,9,3255.31,64.53739999999998,81,0.18,130.2124,2,Medium Value
AS-10135,Adrian Shami,2,58.82,21.8496,9,0.06666666666666667,19.606666666666666,3,Low Value
AS-10225,Alan Schoenberger,5,4260.784,719.7751000000001,41,0.06153846153846154,327.75261538461535,3,Low Value
AS-10240,Alan Shonely,7,584.6080000000001,33.715799999999994,39,0.2692307692307692,44.969846153846156,0,Emerging Value
AS-10285,Alejandro Savely,6,3214.236,354.62760000000003,39,0.225,401.7795,0,Emerging Value
AS-10630,Ann Steele,7,833.398,136.49190000000002,34,0.18333333333333335,69.44983333333333,0,Emerging Value
AT-10435,Alyssa Tate,6,1171.814,100.87680000000002,28,0.19999999999999998,130.20155555555556,0,Emerging Value
AT-10735,Annie Thurman,10,3831.864,974.107,60,0.08750000000000001,239.4915,2,Medium Value
AW-10840,Anthony Witt,4,649.376,65.77250000000001,24,0.2,81.172,0,Emerging Value
AW-10930,Arthur Wiediger,7,2852.968,-104.5486,68,0.30625,178.3105,0,Emerging Value
AY-10555,Andy Yotov,4,497.014,103.3499,34,0.1,49.7014,3,Low Value
AZ-10750,Annie Zypern,6,1622.0179999999998,154.9503,40,0.125,135.16816666666665,3,Low Value
BB-10990,Barry Blumstein,5,744.3399999999999,11.583900000000007,26,0.2,93.04249999999999,0,Emerging Value
BB-11545,Brenda Bowman,9,6765.728,1015.0749999999999,83,0.195,338.2864,2,Medium Value
BC-11125,Becky Castell,9,2933.676,251.5974,60,0.1111111111111111,162.982,2,Medium Value
BD-11320,Bill Donatelli,12,5718.521,1094.5037,75,0.07894736842105263,300.9747894736842,2,Medium Value
BD-11500,Bradley Drucker,6,4411.2429999999995,1142.1225,49,0.135,441.12429999999995,2,Medium Value
BD-11560,Brendan Dodson,2,320.54,116.714,11,0.0,80.135,3,Low Value
BD-11605,Brian Dahlen,7,3288.471,634.8463,74,0.0725,164.42355,2,Medium Value
BD-11620,Brian DeCherney,6,1538.11,206.75689999999997,27,0.17500000000000002,192.26375,3,Low Value
BD-11635,Brian Derr,3,582.646,141.53400000000002,19,0.1,116.52919999999999,3,Low Value
BD-11725,Bruce Degenhardt,6,1526.5,333.9791,29,0.02,152.65,3,Low Value
BD-11770,Bryan Davis,6,658.466,141.265,21,0.12000000000000002,65.8466,3,Low Value
BE-11335,Bill Eplett,5,4204.676,1487.7739000000001,35,0.022222222222222223,467.1862222222223,3,Low Value
BE-11410,Bobby Elias,5,2261.438,755.9150999999999,19,0.16,452.2876,3,Low Value
BE-11455,Brad Eason,6,1727.652,139.20080000000002,40,0.14615384615384613,132.8963076923077,3,Low Value
BF-10975,Barbara Fisher,7,599.798,227.4384,38,0.14615384615384613,46.13830769230769,3,Low Value
BF-11005,Barry Franz,4,1333.88,-291.38109999999995,26,0.18,133.388,0,Emerging Value
BF-11020,Barry Französisch,8,2888.506,302.02,78,0.2571428571428572,137.54790476190476,2,Medium Value
BF-11080,Bart Folk,3,272.95,110.9272,29,0.0,45.49166666666667,3,Low Value
BF-11170,Ben Ferrer,11,5907.972,1538.2127,102,0.12222222222222222,218.81377777777777,2,Medium Value
BF-11215,Benjamin Farhat,4,1585.162,523.2133,48,0.05,198.14525,3,Low Value
BF-11275,Beth Fritzler,3,791.9899999999999,25.870199999999997,11,0.15000000000000002,197.99749999999997,3,Low Value
BG-11035,Barry Gonzalez,8,2798.948,-711.4274,35,0.19166666666666665,233.24566666666666,0,Emerging Value
BG-11695,Brooke Gillingham,6,1874.172,107.5715,24,0.1375,234.2715,3,Low Value
BG-11740,Bruce Geld,6,1006.356,119.34790000000001,22,0.14285714285714285,143.76514285714285,3,Low Value
BH-11710,Brosina Hoffman,8,6255.351,802.7898,97,0.18333333333333335,260.63962499999997,2,Medium Value
BK-11260,Berenike Kampe,6,659.1379999999999,-63.764399999999995,58,0.20625000000000002,41.196124999999995,0,Emerging Value
BM-11140,Becky Martin,4,11789.63,-1659.9580999999998,64,0.16875,736.851875,1,High Value
BM-11575,Brendan Murry,6,808.162,95.58160000000001,22,0.18,80.81620000000001,0,Emerging Value
BM-11650,Brian Moss,11,7294.185,2199.2781,95,0.08448275862068966,251.5236206896552,2,Medium Value
BM-11785,Bryan Mills,10,1338.842,137.7439,44,0.25,95.63157142857143,2,Medium Value
BN-11470,Brad Norvell,4,265.296,36.6131,15,0.16666666666666666,44.216,0,Emerging Value
BN-11515,Bradley Nguyen,5,1459.344,340.7054,79,0.023529411764705882,85.84376470588235,3,Low Value
BO-11350,Bill Overfelt,5,2682.728,278.77700000000004,43,0.2333333333333333,223.56066666666666,0,Emerging Value
BO-11425,Bobby Odegard,2,130.83,59.4522,7,0.0,65.415,3,Low Value
BP-11050,Barry Pond,5,983.42,209.78300000000002,30,0.14285714285714285,140.48857142857142,3,Low Value
BP-11095,Bart Pistole,12,2442.044,433.9751,70,0.165,122.1022,2,Medium Value
BP-11155,Becky Pak,6,1697.8609999999999,647.3847000000001,32,0.0818181818181818,154.351,3,Low Value
BP-11185,Ben Peterman,9,3675.861,363.5991,69,0.19444444444444445,204.2145,2,Medium Value
BP-11230,Benjamin Patterson,5,1181.49,-197.2695,14,0.06666666666666667,196.915,3,Low Value
BP-11290,Beth Paige,7,2475.157,-319.0637,51,0.3,154.6973125,0,Emerging Value
BS-11365,Bill Shonely,5,10501.653,2616.0643999999998,39,0.011111111111111112,1166.8503333333333,1,High Value
BS-11380,Bill Stewart,5,3887.834,-17.532200000000024,58,0.27692307692307694,299.06415384615383,0,Emerging Value
BS-11590,Brendan Sweed,6,2454.928,381.7807,41,0.3,245.4928,0,Emerging Value
BS-11665,Brian Stugart,3,3288.1099999999997,238.73680000000002,47,0.18181818181818182,298.91909090909087,0,Emerging Value
BS-11755,Bruce Stewart,7,2562.382,-113.29840000000003,45,0.13214285714285715,183.0272857142857,3,Low Value
BS-11800,Bryan Spruell,2,949.4300000000001,194.0516,22,0.0,118.67875000000001,3,Low Value
BT-11305,Beth Thompson,5,2567.656,417.5918,33,0.044444444444444446,285.2951111111111,3,Low Value
BT-11395,Bill Tyler,6,2186.6130000000003,257.9163,38,0.15,218.66130000000004,3,Low Value
BT-11440,Bobby Trafton,4,603.876,-77.5256,16,0.15714285714285717,86.268,3,Low Value
BT-11485,Brad Thomas,2,415.19599999999997,126.8694,11,0.06666666666666667,138.39866666666666,3,Low Value
BT-11530,Bradley Talbott,5,2684.4919999999997,409.4983,44,0.1,268.44919999999996,3,Low Value
BT-11680,Brian Thompson,7,3196.752,447.74839999999995,88,0.07,159.8376,2,Medium Value
BV-11245,Benjamin Venier,5,1523.2730000000001,315.2214,49,0.09285714285714285,108.8052142857143,3,Low Value
BW-11065,Barry Weirich,3,385.516,-58.28659999999999,8,0.13333333333333333,128.50533333333334,3,Low Value
BW-11110,Bart Watters,8,4750.358,921.2574,74,0.1411764705882353,279.4328235294118,2,Medium Value
BW-11200,Ben Wallace,6,1738.406,246.9973,49,0.15,173.8406,3,Low Value
CA-11965,Carol Adams,6,3789.7228,1143.3817,29,0.11200000000000002,378.97228,3,Low Value
CA-12055,Cathy Armstrong,5,1679.7240000000002,211.2559,49,0.3,167.97240000000002,0,Emerging Value
CA-12265,Christina Anderson,9,2648.2872,279.6183,65,0.18941176470588236,155.78160000000003,2,Medium Value
CA-12310,Christine Abelman,4,1421.954,246.02179999999998,25,0.11818181818181818,129.26854545454546,3,Low Value
CA-12775,Cynthia Arntzen,7,3041.566,204.48950000000002,72,0.18823529411764706,178.9156470588235,2,Medium Value
CB-12025,Cassandra Brandow,10,6076.139,150.2089,122,0.16346153846153846,233.69765384615386,2,Medium Value
CB-12415,Christy Brittain,8,1949.2,272.3883,44,0.3333333333333333,162.43333333333334,0,Emerging Value
CB-12535,Claudia Bergmann,8,4246.4555,1049.5601,74,0.05,223.49765789473685,2,Medium Value
CC-12100,Chad Cunningham,6,1770.945,208.5912,46,0.21538461538461537,136.22653846153847,0,Emerging Value
CC-12145,Charles Crestani,7,2471.65,392.2825,31,0.08181818181818182,224.69545454545457,3,Low Value
CC-12220,Chris Cortes,12,3913.418,393.9618,81,0.11818181818181818,177.88263636363638,2,Medium Value
CC-12370,Christopher Conant,5,12129.072000000002,2177.0493,34,0.2818181818181818,1102.6429090909094,1,High Value
CC-12430,Chuck Clark,10,2870.05,424.6583,63,0.05789473684210527,151.05526315789476,2,Medium Value
CC-12475,Cindy Chapman,9,1659.438,154.851,40,0.16153846153846155,127.64907692307693,2,Medium Value
CC-12550,Clay Cheatham,3,113.832,33.870599999999996,14,0.15000000000000002,28.458,3,Low Value
CC-12610,Corey Catlett,7,2540.631,331.434,39,0.27499999999999997,211.71925,0,Emerging Value
CC-12670,Craig Carreira,7,2269.7015,187.8399,47,0.16785714285714287,162.12153571428573,3,Low Value
CC-12685,Craig Carroll,4,2854.1150000000002,850.1591,51,0.25,237.8429166666667,0,Emerging Value
CD-11920,Carlos Daly,5,2033.968,426.661,35,0.044444444444444446,225.99644444444445,3,Low Value
CD-11980,Carol Darley,3,639.766,-206.7172,22,0.43333333333333335,106.62766666666666,0,Emerging Value
CD-12280,Christina DeMoss,2,1205.584,233.0274,39,0.08461538461538462,92.73723076923078,3,Low Value
CD-12790,Cynthia Delaney,5,1860.732,403.8422,49,0.02666666666666667,124.0488,3,Low Value
CG-12040,Catherine Glotzbach,6,904.4680000000001,86.5106,37,0.18888888888888888,100.49644444444445,0,Emerging Value
CG-12520,Claire Gute,3,1148.7800000000002,169.93439999999998,14,0.2,229.75600000000003,0,Emerging Value
CH-12070,Cathy Hwang,3,1537.236,195.15109999999999,13,0.15000000000000002,384.309,3,Low Value
CJ-11875,Carl Jackson,1,16.52,1.652,5,0.2,16.52,0,Emerging Value
CJ-12010,Caroline Jumper,8,11164.974,858.7414,83,0.1885,558.2487,1,High Value
CK-12205,Chloris Kastensmidt,13,3154.855,141.2831,122,0.234375,98.58921875,2,Medium Value
CK-12325,Christine Kargatis,5,2945.321,261.22090000000003,46,0.18333333333333335,245.44341666666665,0,Emerging Value
CK-12595,Clytie Kelty,11,2372.75,497.70980000000003,108,0.184,94.91,2,Medium Value
CK-12760,Cyma Kinney,9,1582.109,-338.4311,64,0.15,113.0077857142857,2,Medium Value
CL-11890,Carl Ludwig,4,1262.0140000000001,328.0847,24,0.05714285714285715,180.28771428571432,3,Low Value
CL-12565,Clay Ludtke,12,10880.546,1933.7830999999999,106,0.1142857142857143,388.5909285714286,1,High Value
CL-12700,Craig Leslie,5,2353.586,229.00990000000002,34,0.1875,294.19825,0,Emerging Value
CM-11815,Candace McMahon,6,1673.888,214.463,38,0.12000000000000002,167.3888,3,Low Value
CM-11935,Carlos Meador,2,565.392,-43.732400000000005,18,0.2,141.348,0,Emerging Value
CM-12115,Chad McGuire,4,1661.6100000000001,409.0679,35,0.028571428571428574,237.37285714285716,3,Low Value
CM-12160,Charles McCrossin,6,2533.314,-394.3686,23,0.24285714285714285,361.902,0,Emerging Value
CM-12190,Charlotte Melton,6,1475.144,91.2033,21,0.07142857142857142,210.73485714285715,3,Low Value
CM-12235,Chris McAfee,5,2305.712,365.0387,28,0.07500000000000001,288.214,3,Low Value
CM-12385,Christopher Martinez,4,8954.019999999999,3899.8903999999998,34,0.12,895.4019999999998,1,High Value
CM-12445,Chuck Magee,3,287.99,64.4296,32,0.07777777777777778,31.99888888888889,3,Low Value
CM-12655,Corinna Mitchell,6,6339.5576,1572.4585,42,0.072,633.95576,1,High Value
CM-12715,Craig Molinari,4,3984.4524,176.3108,57,0.30923076923076925,306.49633846153847,0,Emerging Value
CP-12085,Cathy Prescott,8,5402.254,427.0258,57,0.14285714285714285,385.8752857142857,2,Medium Value
CP-12340,Christine Phan,8,5888.275,-1850.3029000000001,59,0.21333333333333335,392.5516666666666,2,Medium Value
CR-12580,Clay Rozendal,4,2148.852,74.40129999999999,32,0.13333333333333333,358.142,3,Low Value
CR-12625,Corey Roper,3,475.9,144.7594,14,0.0,118.975,3,Low Value
CR-12730,Craig Reiter,4,1600.55,306.9176,18,0.26666666666666666,266.7583333333333,0,Emerging Value
CR-12820,Cyra Reiten,3,1397.8724,83.27029999999999,26,0.13142857142857142,199.69605714285714,3,Low Value
CS-11845,Cari Sayre,5,1278.954,185.3776,22,0.275,159.86925,0,Emerging Value
CS-11860,Cari Schnelling,6,537.632,105.8275,16,0.2285714285714286,76.80457142857142,0,Emerging Value
CS-11950,Carlos Soltero,11,3036.547,-126.4223,68,0.2636363636363636,138.02486363636365,2,Medium Value
CS-12130,Chad Sievert,4,884.64,143.8339,28,0.1142857142857143,126.37714285714286,3,Low Value
CS-12175,Charles Sheldon,5,844.4580000000001,113.1405,30,0.1625,105.55725000000001,3,Low Value
CS-12250,Chris Selesnick,12,2754.216,738.3626,97,0.05714285714285715,98.36485714285713,2,Medium Value
CS-12355,Christine Sundaresam,11,3202.1620000000003,831.9432,74,0.08181818181818182,145.5528181818182,2,Medium Value
CS-12400,Christopher Schild,9,3651.8585000000003,-342.80330000000004,47,0.21428571428571427,260.8470357142857,2,Medium Value
CS-12460,Chuck Sachs,2,550.644,156.2593,13,0.06666666666666667,91.774,3,Low Value
CS-12490,Cindy Schnelling,4,1077.2285,-302.8761,33,0.25,119.69205555555556,0,Emerging Value
CS-12505,Cindy Stewart,6,5690.054999999999,-6626.389499999999,40,0.19999999999999998,632.2283333333332,0,Emerging Value
CT-11995,Carol Triggs,8,3241.898,161.22629999999995,60,0.16111111111111112,180.10544444444446,2,Medium Value
CV-12295,Christina VanderZanden,5,2830.6279999999997,493.0861,54,0.07692307692307693,217.74061538461535,3,Low Value
CV-12805,Cynthia Voltz,9,2370.3136,98.99749999999999,62,0.2431578947368421,124.75334736842105,2,Medium Value
CW-11905,Carl Weiss,6,1136.592,370.8298,40,0.09090909090909091,103.32654545454547,3,Low Value
CY-12745,Craig Yedwab,8,2900.026,60.64670000000001,43,0.2,263.63872727272724,2,Medium Value
Co-12640,Corey-Lock,5,1300.076,205.62820000000002,30,0.175,162.5095,0,Emerging Value
DA-13450,Dianna Arnett,4,156.76,56.7904,27,0.125,19.595,3,Low Value
DB-12910,Daniel Byrd,8,2171.599,431.3748,47,0.15416666666666667,180.96658333333335,2,Medium Value
DB-12970,Darren Budd,5,2839.2272,213.00289999999998,43,0.16571428571428573,202.80194285714285,3,Low Value
DB-13060,Dave Brooks,7,4531.646,473.0272,48,0.1846153846153846,348.58815384615383,2,Medium Value
DB-13120,David Bremer,7,2973.094,-1421.7692,59,0.14285714285714285,212.36385714285714,2,Medium Value
DB-13210,Dean Braden,10,2332.577,169.9679,75,0.18571428571428572,111.07509523809524,2,Medium Value
DB-13270,Deborah Brumfield,8,4655.897,841.8263999999999,52,0.2076923076923077,358.14592307692305,2,Medium Value
DB-13360,Dennis Bolton,5,1081.466,291.0085,28,0.08333333333333333,180.24433333333332,3,Low Value
DB-13405,Denny Blanton,4,1711.692,438.9092,62,0.028571428571428574,122.26371428571429,3,Low Value
DB-13555,Dorothy Badders,7,3908.8028,109.32700000000001,61,0.15142857142857144,279.2002,2,Medium Value
DB-13615,Doug Bickford,7,1989.05,438.80119999999994,41,0.14545454545454548,180.82272727272726,3,Low Value
DB-13660,Duane Benoit,7,1155.202,177.67350000000002,33,0.16,115.5202,3,Low Value
DC-12850,Dan Campbell,9,3336.168,-1441.6312999999998,64,0.21111111111111114,185.34266666666667,2,Medium Value
DC-13285,Debra Catini,5,1174.618,132.06820000000002,37,0.07857142857142858,167.8025714285714,3,Low Value
DD-13570,Dorothy Dickinson,6,269.542,36.4344,33,0.24444444444444446,29.949111111111108,0,Emerging Value
DE-13255,Deanra Eno,5,2550.874,464.47139999999996,38,0.1111111111111111,283.43044444444445,3,Low Value
DF-13135,David Flashing,3,2390.534,-259.3097,23,0.2833333333333334,398.42233333333337,0,Emerging Value
DG-13300,Deirdre Greer,5,3195.818,562.7761,39,0.1,399.47725,3,Low Value
DH-13075,Dave Hallsten,6,4932.872,1193.7404,81,0.0782608695652174,214.47269565217394,2,Medium Value
DH-13675,Duane Huffman,4,1043.096,116.667,41,0.12272727272727274,94.8269090909091,3,Low Value
DJ-13420,Denny Joy,4,2012.52,483.03499999999997,20,0.0,402.504,3,Low Value
DJ-13510,Don Jones,8,2501.6879999999996,345.2521,52,0.06923076923076923,192.43753846153842,2,Medium Value
DJ-13630,Doug Jacobs,3,3356.398,731.5644,43,0.0625,419.54975,3,Low Value
DK-12835,Damala Kotsonis,12,3256.48,881.1228000000001,86,0.17777777777777778,120.61037037037038,2,Medium Value
DK-12895,Dana Kaydos,5,4282.176,937.6496,65,0.08000000000000002,285.4784,3,Low Value
DK-12985,Darren Koutras,5,1687.04,-107.35379999999998,32,0.1625,210.88,3,Low Value
DK-13090,Dave Kipp,7,2650.557,536.3935,33,0.13846153846153847,203.88899999999998,3,Low Value
DK-13150,David Kendrick,2,797.832,249.9447,20,0.12000000000000002,159.5664,3,Low Value
DK-13225,Dean Katz,9,4802.394,209.89940000000004,70,0.19473684210526318,252.75757894736844,2,Medium Value
DK-13375,Dennis Kane,8,3318.486,377.0799,77,0.10869565217391304,144.28199999999998,2,Medium Value
DL-12865,Dan Lawera,8,1503.112,322.2449,51,0.15,107.36514285714286,2,Medium Value
DL-12925,Daniel Lacy,6,3272.2,4.213200000000029,43,0.03571428571428571,233.72857142857143,3,Low Value
DL-13315,Delfina Latchford,8,1458.258,288.8732,74,0.1823529411764706,85.77988235294117,2,Medium Value
DL-13330,Denise Leinenbach,4,585.02,222.6812,32,0.05,73.1275,3,Low Value
DL-13495,Dionis Lloyd,8,3539.322,-52.78799999999997,33,0.05000000000000001,294.94350000000003,3,Low Value
DM-12955,Dario Medina,7,1322.034,108.7583,28,0.16666666666666666,146.89266666666668,3,Low Value
DM-13015,Darrin Martin,7,6345.103,1677.3931,87,0.22999999999999998,317.25515,2,Medium Value
DM-13345,Denise Monton,8,4074.4719999999998,1319.0586,41,0.1,313.42092307692303,2,Medium Value
DM-13525,Don Miller,3,1376.792,199.7688,33,0.16999999999999998,137.67919999999998,3,Low Value
DN-13690,Duane Noonan,7,2139.79,540.5405000000001,41,0.018181818181818184,194.52636363636364,3,Low Value
DO-13435,Denny Ordway,9,1300.0315,-38.90860000000001,48,0.15769230769230771,100.00242307692308,2,Medium Value
DO-13645,Doug O'Connell,7,1267.316,294.0676,36,0.09090909090909091,115.21054545454545,3,Low Value
DP-13000,Darren Powers,9,1050.636,241.4524,58,0.2117647058823529,61.80211764705882,2,Medium Value
DP-13105,Dave Poirier,8,2215.002,563.1761,63,0.1142857142857143,158.21442857142856,2,Medium Value
DP-13165,David Philippe,2,1058.616,-40.93759999999999,20,0.15000000000000002,264.654,3,Low Value
DP-13390,Dennis Pardue,9,5480.723999999999,1571.8318,50,0.18571428571428572,391.4802857142857,2,Medium Value
DR-12880,Dan Reichenbach,9,6528.034000000001,1641.8613,103,0.13333333333333333,272.00141666666667,2,Medium Value
DR-12940,Daniel Raglin,8,8350.868,2869.0759999999996,57,0.15384615384615383,642.3744615384616,1,High Value
DS-13030,Darrin Sayre,4,1762.213,193.3319,54,0.1394736842105263,92.74805263157894,3,Low Value
DS-13180,David Smith,9,2881.8128,163.6993,68,0.15350000000000003,144.09064,2,Medium Value
DV-13045,Darrin Van Huff,5,1119.483,-427.184,28,0.17222222222222222,124.387,0,Emerging Value
DV-13465,Dianna Vittorini,6,3341.587,353.2127,62,0.11333333333333334,222.77246666666667,2,Medium Value
DW-13195,David Wiener,6,1080.751,-86.87379999999999,39,0.24444444444444446,120.08344444444444,0,Emerging Value
DW-13480,Dianna Wilson,5,5271.628,1348.7556,38,0.03636363636363637,479.2389090909091,3,Low Value
DW-13540,Don Weiss,5,344.08,69.6672,21,0.17777777777777778,38.23111111111111,0,Emerging Value
DW-13585,Dorothy Wardle,7,1204.854,-266.8966,44,0.17,120.4854,0,Emerging Value
Dl-13600,Dorris liebe,5,755.602,175.2388,19,0.21666666666666667,125.93366666666667,0,Emerging Value
Dp-13240,Dean percer,11,7198.7609999999995,333.36479999999995,99,0.18620689655172415,248.23313793103446,2,Medium Value
EA-14035,Erin Ashbrook,13,2846.705,-52.74059999999998,87,0.3,113.8682,2,Medium Value
EB-13705,Ed Braxton,9,3644.978,13.621500000000005,55,0.25833333333333336,303.7481666666667,2,Medium Value
EB-13750,Edward Becker,10,3236.314,-80.28599999999999,91,0.145,161.8157,2,Medium Value
EB-13840,Ellis Ballard,5,4358.128,656.1988,41,0.125,544.766,3,Low Value
EB-13870,Emily Burns,10,2767.219,261.5315,41,0.29090909090909095,251.56536363636363,2,Medium Value
EB-13930,Eric Barreto,5,944.6000000000001,0.6042000000000058,24,0.17142857142857143,134.94285714285715,0,Emerging Value
EB-13975,Erica Bern,4,1643.255,162.8781,18,0.2833333333333333,273.87583333333333,0,Emerging Value
EB-14110,Eugene Barchas,6,3071.126,184.7656,30,0.2090909090909091,279.19327272727276,0,Emerging Value
EB-14170,Evan Bailliet,6,1186.326,282.1701,20,0.2285714285714286,169.47514285714286,0,Emerging Value
EC-14050,Erin Creighton,5,461.914,96.4256,37,0.09999999999999999,65.98771428571429,3,Low Value
ED-13885,Emily Ducich,8,3484.92,670.4435000000001,54,0.21428571428571427,248.92285714285714,2,Medium Value
EG-13900,Emily Grady,5,1832.02,104.2656,44,0.2,203.55777777777777,0,Emerging Value
EH-13765,Edward Hooks,12,10310.880000000001,1393.5154,120,0.07187500000000001,322.21500000000003,1,High Value
EH-13945,Eric Hoffmann,8,684.1709999999999,53.53980000000001,72,0.29411764705882354,40.24535294117646,2,Medium Value
EH-13990,Erica Hackney,6,825.9499999999999,150.3759,20,0.0625,103.24374999999999,3,Low Value
EH-14005,Erica Hernandez,7,1219.53,-94.14079999999997,50,0.17272727272727273,110.86636363636363,0,Emerging Value
EH-14125,Eugene Hildebrand,10,3082.653,96.27019999999999,76,0.20555555555555557,171.2585,2,Medium Value
EH-14185,Evan Henry,6,923.884,242.1107,22,0.28750000000000003,115.4855,0,Emerging Value
EJ-13720,Ed Jacobs,4,2162.174,387.0176,31,0.175,270.27175,3,Low Value
EJ-14155,Eva Jacobs,5,2656.691,451.87550000000005,31,0.0625,332.086375,3,Low Value
EK-13795,Eileen Kiefer,4,1303.478,97.10659999999999,18,0.0875,325.8695,3,Low Value
EL-13735,Ed Ludwig,2,124.28,27.1154,9,0.0,62.14,3,Low Value
EM-13810,Eleni McCrary,5,2567.0099999999998,-133.8275,23,0.14285714285714285,366.7157142857142,3,Low Value
EM-13825,Elizabeth Moffitt,8,2339.598,682.5541999999999,57,0.0625,146.224875,2,Medium Value
EM-13960,Eric Murdock,5,933.704,102.29599999999999,18,0.2333333333333333,155.61733333333333,0,Emerging Value
EM-14065,Erin Mull,4,228.99,40.15459999999999,22,0.25,38.165,0,Emerging Value
EM-14095,Eudokia Martin,4,1041.0420000000001,240.2362,34,0.1,104.10420000000002,3,Low Value
EM-14140,Eugene Moren,6,4588.436000000001,1319.3655,74,0.06666666666666668,218.49695238095242,2,Medium Value
EM-14200,Evan Minnotte,3,366.822,21.7721,13,0.125,91.7055,3,Low Value
EN-13780,Edward Nazzal,4,2199.366,496.1131,27,0.044444444444444446,244.374,3,Low Value
EP-13915,Emily Phan,17,5478.0608,144.9578,124,0.19741935483870968,176.71163870967743,2,Medium Value
ER-13855,Elpida Rittenbach,3,1245.788,-295.7398,27,0.2,249.1576,0,Emerging Value
ES-14020,Erica Smith,5,3510.4579999999996,1003.2935,31,0.125,438.80724999999995,3,Low Value
ES-14080,Erin Smith,9,4657.924,246.6661,77,0.26,232.8962,2,Medium Value
FA-14230,Frank Atkinson,7,2984.054,520.5229,58,0.25882352941176473,175.53258823529413,2,Medium Value
FC-14245,Frank Carlisle,7,3418.742,1217.1662000000001,50,0.1357142857142857,244.19585714285716,2,Medium Value
FC-14335,Fred Chung,7,3889.366,714.2926,37,0.16,388.9366,3,Low Value
FG-14260,Frank Gastineau,7,1383.144,394.73969999999997,48,0.11818181818181818,125.74036363636364,3,Low Value
FH-14275,Frank Hawley,10,4256.272,1073.2676,65,0.1285714285714286,202.67961904761904,2,Medium Value
FH-14350,Fred Harton,4,2271.284,706.289,52,0.10714285714285714,162.23457142857143,3,Low Value
FH-14365,Fred Hopkins,8,6987.196,2050.2826,52,0.13846153846153847,537.4766153846153,1,High Value
FM-14215,Filia McAdams,10,2456.638,249.6808,48,0.09333333333333334,163.77586666666667,2,Medium Value
FM-14290,Frank Merwin,9,3736.198,198.10949999999997,79,0.18,186.8099,2,Medium Value
FM-14380,Fred McMath,9,2523.266,191.4898,53,0.15714285714285717,180.23328571428573,2,Medium Value
FO-14305,Frank Olsen,10,2678.438,215.59689999999998,60,0.22,178.56253333333333,2,Medium Value
FP-14320,Frank Preis,8,4046.746,406.44730000000004,54,0.13571428571428573,289.0532857142857,2,Medium Value
FW-14395,Fred Wasserman,3,79.75,23.491300000000003,9,0.0,26.583333333333332,3,Low Value
GA-14515,George Ashbrook,8,3919.7760000000003,840.899,48,0.0642857142857143,279.98400000000004,2,Medium Value
GA-14725,Guy Armstrong,11,1398.382,136.70790000000002,79,0.17954545454545456,63.56281818181819,2,Medium Value
GB-14530,George Bell,11,1568.44,7.837100000000003,62,0.16999999999999998,78.422,2,Medium Value
GB-14575,Giulietta Baptist,5,4716.288,1135.8393,63,0.037500000000000006,294.768,3,Low Value
GD-14590,Giulietta Dortch,4,1888.07,230.93729999999996,25,0.13333333333333333,314.67833333333334,3,Low Value
GG-14650,Greg Guthrie,9,2224.0,12.698500000000008,92,0.15,92.66666666666667,2,Medium Value
GH-14410,Gary Hansen,9,2819.4669999999996,-576.8335,65,0.27058823529411763,165.85099999999997,2,Medium Value
GH-14425,Gary Hwang,4,4172.8460000000005,1176.4181,51,0.19,417.28460000000007,3,Low Value
GH-14485,Gene Hale,2,1361.2440000000001,-95.4498,15,0.4666666666666666,453.74800000000005,0,Emerging Value
GH-14665,Greg Hansen,2,146.94080000000002,-5.810200000000001,9,0.24,48.98026666666667,0,Emerging Value
GK-14620,Grace Kelly,9,6497.27,1448.5525,66,0.15714285714285717,464.09071428571434,1,High Value
GM-14440,Gary McGarr,7,3582.8199999999997,347.266,43,0.11818181818181818,325.71090909090907,3,Low Value
GM-14455,Gary Mitchum,6,3078.624,793.2814000000001,54,0.16666666666666666,256.55199999999996,2,Medium Value
GM-14500,Gene McClure,10,1255.682,441.3185,53,0.11538461538461539,96.59092307692308,2,Medium Value
GM-14680,Greg Matthias,6,3163.628,35.48649999999999,31,0.14545454545454548,287.60254545454546,3,Low Value
GM-14695,Greg Maxwell,3,6049.966,188.7235,44,0.05454545454545456,549.9969090909091,3,Low Value
GP-14740,Guy Phonely,2,236.53,31.837600000000002,21,0.13999999999999999,47.306,3,Low Value
GR-14560,Georgia Rosenberg,2,1284.38,359.83320000000003,23,0.0,256.87600000000003,3,Low Value
GT-14635,Grant Thornton,3,9351.212,-4108.6589,26,0.25,1558.5353333333333,1,High Value
GT-14710,Greg Tran,11,11820.119999999999,2163.4269,106,0.1,407.5903448275862,1,High Value
GT-14755,Guy Thornton,4,226.436,-6.139200000000002,23,0.2,32.348,0,Emerging Value
GW-14605,Giulietta Weimer,7,2189.019,-268.54229999999995,43,0.15555555555555556,243.2243333333333,3,Low Value
GZ-14470,Gary Zandusky,9,4355.150000000001,1087.7539,48,0.07857142857142858,311.0821428571429,2,Medium Value
GZ-14545,George Zrebassa,4,2454.6220000000003,828.661,25,0.04,490.92440000000005,3,Low Value
HA-14905,Helen Abelman,7,2163.3,270.8574,45,0.22999999999999998,216.33,0,Emerging Value
HA-14920,Helen Andreada,8,2584.158,99.1445,72,0.2,143.56433333333334,2,Medium Value
HD-14785,Harold Dahlen,3,251.36,-135.87599999999998,31,0.3,35.90857142857143,0,Emerging Value
HE-14800,Harold Engle,4,883.5319999999999,274.4028,44,0.018181818181818184,80.3210909090909,3,Low Value
HF-14995,Herbert Flentye,7,2533.1639999999998,-13.876799999999989,70,0.13157894736842105,133.32442105263158,2,Medium Value
HG-14845,Harry Greene,5,785.628,147.0032,31,0.19,78.56280000000001,0,Emerging Value
HG-14965,Henry Goldwyn,12,3247.642,-2797.9635000000003,68,0.17058823529411765,191.03776470588235,2,Medium Value
HG-15025,Hunter Glantz,7,3690.284,804.6113,38,0.17272727272727273,335.4803636363636,2,Medium Value
HH-15010,Hilary Holden,2,218.668,86.7342,20,0.03333333333333333,36.44466666666667,3,Low Value
HJ-14875,Heather Jas,5,358.1,98.6548,21,0.10000000000000002,59.68333333333334,3,Low Value
HK-14890,Heather Kirkland,8,4877.784,956.9451,64,0.21333333333333335,325.18559999999997,2,Medium Value
HL-15040,Hunter Lopez,6,12873.297999999999,5622.4292000000005,50,0.018181818181818184,1170.2998181818182,1,High Value
HM-14860,Harry Marie,10,8236.7648,2437.9836,76,0.231,411.83824000000004,1,High Value
HM-14980,Henry MacAllister,4,736.276,117.2755,29,0.17142857142857146,105.18228571428571,0,Emerging Value
HP-14815,Harold Pawlan,7,1990.314,373.8637,44,0.3,199.03140000000002,0,Emerging Value
HR-14770,Hallie Redmond,5,1299.288,185.5794,38,0.04615384615384616,99.94523076923078,3,Low Value
HR-14830,Harold Ryan,7,5248.787,1196.9504,51,0.09999999999999999,374.91335714285714,2,Medium Value
HW-14935,Helen Wasserman,8,9300.254,2164.1611,85,0.045,465.01270000000005,1,High Value
HZ-14950,Henia Zydlo,5,886.52,-130.3879,21,0.19999999999999998,147.75333333333333,0,Emerging Value
IG-15085,Ivan Gibson,4,744.574,320.4982,19,0.028571428571428574,106.36771428571429,3,Low Value
IL-15100,Ivan Liston,7,5040.736,1121.937,60,0.07142857142857142,360.0525714285714,2,Medium Value
IM-15055,Ionia McGrath,3,2872.63,975.7701,19,0.1,718.1575,3,Low Value
IM-15070,Irene Maddox,7,4930.474,514.6527,93,0.16666666666666666,234.7844761904762,2,Medium Value
JA-15970,Joseph Airdo,8,6491.026,-819.4217000000001,87,0.2125,270.45941666666664,2,Medium Value
JB-15400,Jennifer Braxton,10,1791.605,156.05319999999998,43,0.20625000000000002,111.9753125,2,Medium Value
JB-15925,Joni Blumstein,3,900.552,-286.9808,32,0.3,112.569,0,Emerging Value
JB-16000,Joy Bell-,7,644.1188,126.76490000000001,32,0.07428571428571429,92.01697142857142,3,Low Value
JB-16045,Julia Barnett,5,2518.115,201.51850000000002,32,0.1888888888888889,279.79055555555556,0,Emerging Value
JC-15340,Jasper Cacioppo,4,71.263,-0.35560000000000036,12,0.22499999999999998,17.81575,0,Emerging Value
JC-15385,Jenna Caffey,1,1058.108,502.92440000000005,14,0.05,264.527,3,Low Value
JC-15775,John Castell,9,2772.055,279.56919999999997,64,0.12187500000000001,173.2534375,2,Medium Value
JC-16105,Julie Creighton,5,858.576,201.5952,43,0.044444444444444446,95.39733333333334,3,Low Value
JD-15790,John Dryer,5,2152.352,-266.55249999999995,26,0.17142857142857146,307.4788571428571,0,Emerging Value
JD-15895,Jonathan Doherty,11,7610.8640000000005,1050.2667999999999,150,0.075,237.83950000000002,2,Medium Value
JD-16015,Joy Daniels,6,385.43,26.7605,39,0.3090909090909091,35.03909090909091,0,Emerging Value
JD-16060,Julia Dunbar,3,695.442,111.11410000000001,17,0.049999999999999996,115.907,3,Low Value
JD-16150,Justin Deggeller,8,8828.0305,1619.5199,60,0.05588235294117647,519.2959117647059,1,High Value
JE-15475,Jeremy Ellison,6,1388.682,276.2197,49,0.18461538461538465,106.8216923076923,0,Emerging Value
JE-15610,Jim Epp,7,7754.976,1623.4019,74,0.16,387.74879999999996,1,High Value
JE-15715,Joe Elijah,10,8697.842999999999,1262.2926,97,0.3227272727272727,395.3564999999999,2,Medium Value
JE-15745,Joel Eaton,13,6760.8150000000005,221.79670000000002,90,0.14565217391304347,293.9484782608696,2,Medium Value
JE-16165,Justin Ellison,3,2697.248,789.6476,34,0.028571428571428574,385.3211428571429,3,Low Value
JF-15190,Jamie Frazer,7,2279.5860000000002,575.1259,72,0.12105263157894736,119.9782105263158,2,Medium Value
JF-15295,Jason Fortune-,5,955.124,97.28899999999999,42,0.1142857142857143,68.22314285714286,3,Low Value
JF-15355,Jay Fein,6,1911.844,330.199,58,0.07500000000000001,119.49025,3,Low Value
JF-15415,Jennifer Ferguson,6,2371.448,635.6376,69,0.07142857142857142,169.38914285714284,3,Low Value
JF-15490,Jeremy Farry,11,1082.918,-18.06730000000001,36,0.14666666666666667,72.19453333333333,2,Medium Value
JF-15565,Jill Fjeld,8,4198.332,1073.2088,67,0.17500000000000002,262.39575,2,Medium Value
JG-15115,Jack Garza,3,2358.676,684.1911,20,0.24285714285714288,336.9537142857143,0,Emerging Value
JG-15160,James Galang,11,6366.392,1415.6664,70,0.1111111111111111,353.68844444444443,2,Medium Value
JG-15310,Jason Gross,6,2240.58,3.7976000000000063,46,0.2545454545454545,203.6890909090909,0,Emerging Value
JG-15805,John Grady,6,1507.018,206.1019,46,0.06666666666666668,167.44644444444444,3,Low Value
JH-15430,Jennifer Halladay,4,309.281,-24.077100000000005,29,0.31428571428571433,44.183,0,Emerging Value
JH-15820,John Huston,6,528.91,26.082199999999997,29,0.15000000000000002,66.11375,3,Low Value
JH-15910,Jonathan Howell,7,959.477,-13.554499999999996,35,0.14444444444444446,106.60855555555555,3,Low Value
JH-15985,Joseph Holt,6,7954.9980000000005,-644.6982,64,0.08571428571428573,568.2141428571429,2,Medium Value
JH-16180,Justin Hirsh,4,2256.3940000000002,-96.95300000000002,28,0.22000000000000003,451.27880000000005,0,Emerging Value
JJ-15445,Jennifer Jackson,5,709.178,200.5558,25,0.06666666666666667,118.19633333333333,3,Low Value
JJ-15760,Joel Jenkins,2,195.0,34.449200000000005,11,0.06666666666666667,65.0,3,Low Value
JK-15205,Jamie Kunitz,5,4427.142,1219.983,67,0.13076923076923078,340.5493846153846,2,Medium Value
JK-15325,Jason Klamczynski,3,383.812,55.32769999999999,15,0.1,95.953,3,Low Value
JK-15370,Jay Kimmel,8,2709.632,330.2838,72,0.12352941176470589,159.39011764705882,2,Medium Value
JK-15625,Jim Karlsson,7,3760.028,750.9485,44,0.11666666666666668,313.33566666666667,3,Low Value
JK-15640,Jim Kriz,9,4760.434,1172.5303,41,0.10000000000000002,396.70283333333333,2,Medium Value
JK-15730,Joe Kamberova,10,4867.2,55.0483,88,0.3325,243.35999999999999,2,Medium Value
JK-16090,Juliana Krohn,3,3747.668,586.6625,43,0.19999999999999998,416.4075555555556,0,Emerging Value
JK-16120,Julie Kriz,10,2932.484,122.6566,49,0.20588235294117646,172.4990588235294,2,Medium Value
JL-15130,Jack Lebron,6,1214.956,-207.79559999999998,42,0.26666666666666666,101.24633333333333,0,Emerging Value
JL-15175,James Lanier,5,1571.523,209.2817,29,0.21428571428571427,224.5032857142857,0,Emerging Value
JL-15235,Janet Lee,5,2203.7,54.51740000000002,39,0.22000000000000003,220.36999999999998,0,Emerging Value
JL-15505,Jeremy Lonsdale,6,3173.874,591.7163,56,0.07058823529411766,186.6984705882353,3,Low Value
JL-15835,John Lee,11,9799.923,228.907,143,0.08823529411764706,288.23302941176473,2,Medium Value
JL-15850,John Lucas,6,2725.256,779.9046,38,0.23636363636363636,247.75054545454543,0,Emerging Value
JM-15250,Janet Martin,6,3159.1220000000003,19.82350000000004,91,0.2894736842105263,166.26957894736844,2,Medium Value
JM-15265,Janet Molinari,5,1804.146,502.6143,52,0.13846153846153847,138.78046153846154,3,Low Value
JM-15535,Jessica Myrick,7,1733.443,356.5395,46,0.09,173.3443,3,Low Value
JM-15580,Jill Matthias,5,303.948,113.1204,26,0.1142857142857143,43.421142857142854,3,Low Value
JM-15655,Jim Mitchum,5,864.947,117.20400000000001,41,0.15833333333333335,72.07891666666667,3,Low Value
JM-15865,John Murray,7,7625.076000000001,1574.6163999999999,50,0.1846153846153846,586.5443076923077,1,High Value
JM-16195,Justin MacKendrick,10,2833.9260000000004,754.1144,74,0.06315789473684212,149.15400000000002,2,Medium Value
JO-15145,Jack O'Briant,9,3254.949,581.4045,59,0.07307692307692308,250.3806923076923,2,Medium Value
JO-15280,Jas O'Carroll,6,1934.272,202.13619999999997,36,0.17272727272727273,175.84290909090907,3,Low Value
JO-15550,Jesus Ocampo,5,1090.838,167.6709,42,0.23636363636363636,99.1670909090909,0,Emerging Value
JP-15460,Jennifer Patt,7,1669.135,429.7465,54,0.14,111.27566666666667,3,Low Value
JP-15520,Jeremy Pistek,7,3635.594,757.1802,63,0.059375000000000004,227.224625,2,Medium Value
JP-16135,Julie Prescott,9,1707.71,309.7116,47,0.15384615384615385,131.3623076923077,2,Medium Value
JR-15670,Jim Radford,2,1156.658,-785.1645,14,0.3,385.55266666666665,0,Emerging Value
JR-15700,Jocasta Rupert,1,863.88,107.985,3,0.2,863.88,0,Emerging Value
JR-16210,Justin Ritter,5,2201.686,452.37300000000005,41,0.22000000000000003,220.16860000000003,0,Emerging Value
JS-15595,Jill Stevenson,4,1417.654,-175.54899999999998,35,0.3125,177.20675,0,Emerging Value
JS-15685,Jim Sink,4,1131.0639999999999,-54.8692,42,0.20909090909090908,102.82399999999998,0,Emerging Value
JS-15880,John Stevenson,5,3868.02,564.9798000000001,43,0.14666666666666667,429.78,3,Low Value
JS-15940,Joni Sundaresam,5,469.169,-327.9336,37,0.3375,58.646125,0,Emerging Value
JS-16030,Joy Smith,6,2516.494,-311.25749999999994,70,0.18333333333333332,139.80522222222223,2,Medium Value
JW-15220,Jane Waco,6,7721.714,2173.7093999999997,66,0.07142857142857142,551.551,1,High Value
JW-15955,Joni Wasserman,7,1244.086,-29.575899999999987,41,0.08181818181818182,113.09872727272727,3,Low Value
JW-16075,Julia West,4,1428.731,154.06369999999998,38,0.32857142857142857,204.10442857142857,0,Emerging Value
KA-16525,Kelly Andreada,7,1519.506,234.9194,57,0.05454545454545456,138.13690909090909,3,Low Value
KB-16240,Karen Bern,7,3152.6150000000002,763.9076,34,0.15,315.2615,3,Low Value
KB-16315,Karl Braun,9,1569.464,49.71929999999999,62,0.19545454545454544,71.33927272727273,2,Medium Value
KB-16405,Katrina Bavinger,3,908.821,274.297,25,0.044444444444444446,100.98011111111111,3,Low Value
KB-16585,Ken Black,12,2744.742,579.3551,102,0.10869565217391304,119.33660869565219,2,Medium Value
KB-16600,Ken Brennan,7,983.922,293.55240000000003,29,0.2666666666666667,109.32466666666667,0,Emerging Value
KC-16255,Karen Carlisle,6,2120.954,846.1217,40,0.02,212.0954,3,Low Value
KC-16540,Kelly Collister,4,3908.262,709.4219,28,0.2,781.6524000000001,1,High Value
KC-16675,Kimberly Carter,4,1146.05,156.7797,40,0.08571428571428573,163.72142857142856,3,Low Value
KD-16270,Karen Daniels,5,8282.358,1107.6952000000003,64,0.1875,517.647375,1,High Value
KD-16345,Katherine Ducich,6,1888.964,328.5942,36,0.13,188.8964,3,Low Value
KD-16495,Keith Dawkins,12,8181.256,3038.6254,84,0.08750000000000001,292.1877142857143,1,High Value
KD-16615,Ken Dana,5,2243.5099999999998,539.7219,56,0.1076923076923077,172.5776923076923,3,Low Value
KE-16420,Katrina Edelman,8,1686.7312,397.87989999999996,67,0.21466666666666667,112.44874666666666,2,Medium Value
KF-16285,Karen Ferguson,7,10604.266,1660.1386,67,0.03333333333333334,589.1258888888889,1,High Value
KH-16330,Katharine Harms,8,3312.864,454.7871,70,0.1388888888888889,184.048,2,Medium Value
KH-16360,Katherine Hughes,6,3100.612,528.2051,40,0.15,221.47228571428573,3,Low Value
KH-16510,Keith Herrera,7,5952.859,656.1162,91,0.10869565217391304,258.81995652173913,2,Medium Value
KH-16630,Ken Heidel,9,3918.9660000000003,727.3786,84,0.10588235294117647,230.5274117647059,2,Medium Value
KH-16690,Kristen Hastings,7,5990.799,1227.5091,69,0.12666666666666665,399.3866,2,Medium Value
KL-16555,Kelly Lampkin,8,5016.488,-182.78130000000002,84,0.29545454545454547,228.02218181818182,2,Medium Value
KL-16645,Ken Lonsdale,12,14175.229000000001,806.855,113,0.19999999999999998,488.80100000000004,1,High Value
KM-16225,Kalyca Meade,6,2260.958,635.1057000000001,72,0.021052631578947368,118.99778947368422,3,Low Value
KM-16375,Katherine Murray,8,5620.186,973.7901999999999,69,0.13999999999999999,281.0093,2,Medium Value
KM-16660,Khloe Miller,5,453.538,91.1391,30,0.044444444444444446,50.39311111111111,3,Low Value
KM-16720,Kunst Miller,8,4909.472,745.7685,98,0.08928571428571429,175.33828571428572,2,Medium Value
KN-16390,Katherine Nockton,9,2617.272,-151.1518,56,0.21764705882352942,153.95717647058822,2,Medium Value
KN-16450,Kean Nguyen,5,2171.962,114.3083,49,0.28125,271.49525,0,Emerging Value
KN-16705,Kristina Nunn,8,2280.58,329.76250000000005,55,0.12000000000000001,152.03866666666667,2,Medium Value
KS-16300,Karen Seio,3,88.472,0.11099999999999888,10,0.275,22.118,0,Emerging Value
KT-16465,Kean Takahito,7,3057.1,254.0032,45,0.2285714285714286,218.3642857142857,0,Emerging Value
KT-16480,Kean Thornton,10,4642.088400000001,194.0671,37,0.14769230769230768,357.0837230769231,2,Medium Value
KW-16435,Katrina Willman,5,4416.5199999999995,1756.135,42,0.11000000000000001,441.65199999999993,3,Low Value
KW-16570,Kelly Williams,4,449.096,107.92699999999999,22,0.04,89.8192,3,Low Value
LA-16780,Laura Armstrong,11,8673.222,2059.1199,105,0.11538461538461539,333.5854615384615,1,High Value
LB-16735,Larry Blacks,3,50.188,18.6507,12,0.26666666666666666,16.729333333333333,0,Emerging Value
LB-16795,Laurel Beltran,8,4985.676,-52.19099999999998,76,0.23750000000000002,207.7365,2,Medium Value
LC-16870,Lena Cacioppo,8,2580.7039999999997,-188.25110000000004,113,0.24000000000000002,86.02346666666666,2,Medium Value
LC-16885,Lena Creighton,12,7663.126,1288.3469,93,0.1565217391304348,333.17939130434786,2,Medium Value
LC-16930,Linda Cazamias,8,4492.946,288.26599999999996,52,0.17142857142857143,320.9247142857143,2,Medium Value
LC-16960,Lindsay Castell,4,3246.626,299.48019999999997,30,0.2857142857142857,463.8037142857143,0,Emerging Value
LC-17050,Liz Carlisle,5,2095.064,86.77799999999999,43,0.27222222222222225,232.78488888888887,0,Emerging Value
LC-17140,Logan Currie,9,2633.582,231.12520000000004,62,0.18421052631578946,138.60957894736842,2,Medium Value
LD-16855,Lela Donovan,1,5.304,0.4641,3,0.2,5.304,0,Emerging Value
LD-17005,Lisa DeCherney,4,1961.934,557.1714,25,0.028571428571428574,280.27628571428573,3,Low Value
LE-16810,Laurel Elliston,6,1469.45,161.76489999999998,32,0.2555555555555556,163.27222222222224,0,Emerging Value
LF-17185,Luke Foster,7,3930.5089999999996,-3583.977,69,0.31875,245.65681249999997,0,Emerging Value
LH-16750,Larry Hughes,3,287.426,12.627699999999999,12,0.3666666666666667,95.80866666666667,0,Emerging Value
LH-16900,Lena Hernandez,9,2295.332,526.0727,64,0.12666666666666665,153.02213333333333,2,Medium Value
LH-17020,Lisa Hazard,4,318.239,-242.73989999999998,34,0.4666666666666666,53.03983333333333,0,Emerging Value
LH-17155,Logan Haushalter,9,1739.689,316.5202,44,0.07894736842105263,91.56257894736842,3,Low Value
LL-16840,Lauren Leatherbury,6,2741.2039999999997,560.0078,50,0.016666666666666666,228.43366666666665,3,Low Value
LM-17065,Liz MacKendrick,5,1346.774,-44.87799999999999,32,0.05714285714285715,192.3962857142857,3,Low Value
LO-17170,Lori Olson,5,644.35,150.1712,34,0.25555555555555554,71.59444444444445,0,Emerging Value
LP-17080,Liz Pelletier,4,756.606,110.7813,39,0.1111111111111111,84.06733333333334,3,Low Value
LP-17095,Liz Preis,7,3653.399,338.44539999999995,52,0.18666666666666665,243.55993333333333,2,Medium Value
LR-16915,Lena Radford,6,5142.892,535.4764,64,0.17500000000000002,321.43075,2,Medium Value
LR-17035,Lisa Ryan,5,1879.306,-382.8079,44,0.27499999999999997,156.60883333333334,0,Emerging Value
LS-16945,Linda Southworth,6,2845.27,-318.77369999999996,51,0.3071428571428571,203.23357142857142,0,Emerging Value
LS-16975,Lindsay Shagiari,9,2988.674,262.63669999999996,63,0.2818181818181818,135.8488181818182,2,Medium Value
LS-17200,Luke Schmidt,6,1010.2560000000001,244.197,54,0.2,72.16114285714286,0,Emerging Value
LS-17230,Lycoris Saunders,3,368.88000000000005,39.1952,16,0.11666666666666665,61.48000000000001,3,Low Value
LS-17245,Lynn Smith,6,1008.1360000000001,348.3584,47,0.08333333333333333,84.01133333333334,3,Low Value
LT-16765,Larry Tron,3,329.876,59.036,8,0.13333333333333333,109.95866666666666,3,Low Value
LT-17110,Liz Thompson,8,2936.252,320.973,63,0.24642857142857144,209.73228571428572,2,Medium Value
LW-16825,Laurel Workman,5,2238.061,32.5767,50,0.20666666666666667,149.20406666666668,0,Emerging Value
LW-16990,Lindsay Williams,6,3230.308,662.8339000000001,38,0.10909090909090911,293.66436363636365,3,Low Value
LW-17125,Liz Willingham,3,1259.04,192.6312,15,0.0,251.808,3,Low Value
LW-17215,Luke Weiss,7,5420.514,837.2411,59,0.16666666666666666,361.3676,2,Medium Value
MA-17560,Matt Abelman,11,4299.161,1240.2266,117,0.09411764705882353,126.44591176470588,2,Medium Value
MA-17995,Michelle Arnett,6,2453.284,280.7822,42,0.041666666666666664,204.44033333333334,3,Low Value
MB-17305,Maria Bertelson,10,1548.702,212.425,63,0.17368421052631577,81.51063157894737,2,Medium Value
MB-18085,Mick Brown,7,1428.231,117.8057,39,0.2,142.8231,0,Emerging Value
MC-17275,Marc Crier,8,2725.982,461.0014,54,0.13076923076923078,209.69092307692307,2,Medium Value
MC-17425,Mark Cousins,5,4432.138,1802.3903,48,0.12,443.2138,3,Low Value
MC-17575,Matt Collins,8,1303.893,210.7493,40,0.29090909090909095,118.53572727272727,0,Emerging Value
MC-17590,Matt Collister,6,2426.067,288.98409999999996,47,0.17058823529411765,142.70982352941178,3,Low Value
MC-17605,Matt Connell,8,2258.192,195.4486,60,0.2222222222222222,125.45511111111111,2,Medium Value
MC-17635,Matthew Clasen,4,795.154,-247.94350000000003,33,0.17500000000000002,99.39425,0,Emerging Value
MC-17845,Michael Chen,7,3805.714,698.4174,45,0.09999999999999999,271.83671428571427,3,Low Value
MC-18100,Mick Crebagga,10,2218.98,-64.1668,73,0.26842105263157895,116.78842105263158,2,Medium Value
MC-18130,Mike Caudle,5,1581.9979999999998,121.7565,34,0.05454545454545456,143.81799999999998,3,Low Value
MD-17350,Maribeth Dona,7,3766.382,-241.94999999999996,64,0.32941176470588235,221.5518823529412,0,Emerging Value
MD-17860,Michael Dominguez,5,1204.91,-4.040300000000002,45,0.2875,150.61375,0,Emerging Value
ME-17320,Maria Etezadi,10,10663.728000000001,1859.4695,82,0.1318181818181818,484.71490909090915,1,High Value
ME-17725,Max Engle,8,1908.4532,77.81280000000001,46,0.2246153846153846,146.80409230769231,0,Emerging Value
ME-18010,Michelle Ellison,4,1256.944,107.3604,15,0.16666666666666666,209.49066666666667,3,Low Value
MF-17665,Maureen Fritzler,5,937.039,-341.52650000000006,36,0.13749999999999998,117.129875,3,Low Value
MF-18250,Monica Federle,5,1758.3,456.86080000000004,38,0.06666666666666667,146.525,3,Low Value
MG-17650,Matthew Grinstein,7,3785.276,341.898,57,0.1285714285714286,270.37685714285715,2,Medium Value
MG-17680,Maureen Gastineau,4,2350.188,25.888599999999972,25,0.225,235.0188,0,Emerging Value
MG-17695,Maureen Gnade,3,1342.282,-398.79319999999996,23,0.2571428571428572,191.7545714285714,0,Emerging Value
MG-17875,Michael Grace,5,1242.8329999999999,-470.7684,23,0.24285714285714288,177.54757142857142,0,Emerging Value
MG-17890,Michael Granlund,9,776.384,171.7372,35,0.11923076923076924,59.72184615384616,3,Low Value
MG-18145,Mike Gockenbach,4,3061.543,-93.603,42,0.1875,382.692875,0,Emerging Value
MG-18205,Mitch Gastineau,1,16.739,-1.2453,8,0.44999999999999996,8.3695,0,Emerging Value
MH-17290,Marc Harrigan,6,2394.025,28.761200000000038,55,0.18846153846153849,184.15576923076924,0,Emerging Value
MH-17440,Mark Haberlin,4,400.016,61.428599999999996,25,0.07777777777777778,44.446222222222225,3,Low Value
MH-17455,Mark Hamilton,8,2456.1820000000002,484.77330000000006,45,0.16363636363636364,223.28927272727276,2,Medium Value
MH-17620,Matt Hagelstein,4,1252.8,122.3612,19,0.23333333333333336,208.79999999999998,0,Emerging Value
MH-17785,Maya Herman,7,2203.7780000000002,238.5614,42,0.07272727272727274,200.34345454545456,3,Low Value
MH-18025,Michelle Huthwaite,5,2984.948,476.9032,31,0.13,298.4948,3,Low Value
MH-18115,Mick Hernandez,9,5503.093,170.9746,79,0.16818181818181818,250.1405909090909,2,Medium Value
MJ-17740,Max Jones,7,6320.746,1054.5529000000001,50,0.21333333333333335,421.38306666666665,2,Medium Value
MK-17905,Michael Kennedy,8,2302.368,-405.3559,73,0.3,135.43341176470588,2,Medium Value
MK-18160,Mike Kennedy,4,1031.602,227.83380000000002,43,0.0818181818181818,93.78200000000001,3,Low Value
ML-17395,Marina Lichtenstein,9,2722.843,684.9162,72,0.17250000000000001,136.14215,2,Medium Value
ML-17410,Maris LaWare,6,2921.5,-76.17550000000003,51,0.16666666666666666,194.76666666666668,3,Low Value
ML-17755,Max Ludwig,7,2071.9139999999998,409.51120000000003,53,0.1076923076923077,159.378,3,Low Value
ML-18040,Michelle Lonsdale,3,742.082,138.71620000000001,18,0.25,185.5205,0,Emerging Value
ML-18265,Muhammed Lee,2,162.232,42.6648,7,0.06666666666666667,54.077333333333335,3,Low Value
MM-17260,Magdelene Morse,4,1314.023,178.402,17,0.13333333333333333,219.00383333333332,3,Low Value
MM-17920,Michael Moore,11,3794.0800000000004,82.12499999999997,68,0.18125,237.13000000000002,2,Medium Value
MM-18055,Michelle Moray,8,2749.881,-520.3443,73,0.21052631578947367,144.7305789473684,2,Medium Value
MM-18280,Muhammed MacIntyre,9,775.414,58.8916,32,0.14166666666666666,64.61783333333334,3,Low Value
MN-17935,Michael Nguyen,6,2477.946,290.8227,36,0.26,247.7946,0,Emerging Value
MO-17500,Mary O'Rourke,4,922.487,59.357699999999994,15,0.22000000000000003,184.4974,0,Emerging Value
MO-17800,Meg O'Connel,8,1687.0269999999998,169.34369999999998,49,0.16363636363636364,153.3660909090909,2,Medium Value
MO-17950,Michael Oakman,2,154.288,-82.0074,14,0.35000000000000003,38.572,0,Emerging Value
MP-17470,Mark Packer,7,3206.132,600.2873,77,0.12142857142857144,229.00942857142857,2,Medium Value
MP-17965,Michael Paige,9,3983.6420000000003,638.1563,62,0.255,199.18210000000002,2,Medium Value
MP-18175,Mike Pelletier,9,5087.92,226.4529,78,0.15526315789473685,267.78526315789475,2,Medium Value
MR-17545,Mathew Reese,4,639.178,162.9363,29,0.20000000000000004,106.52966666666667,0,Emerging Value
MS-17365,Maribeth Schnelling,10,7443.6900000000005,844.9354999999998,105,0.16041666666666668,310.15375,2,Medium Value
MS-17530,MaryBeth Skach,4,475.65599999999995,84.0268,21,0.15714285714285717,67.95085714285713,3,Low Value
MS-17710,Maurice Satty,6,1613.402,247.4348,48,0.22,107.56013333333334,0,Emerging Value
MS-17770,Maxwell Schwartz,9,3144.678,280.85839999999996,73,0.09999999999999999,165.5093684210526,2,Medium Value
MS-17830,Melanie Seite,4,370.348,19.431199999999997,14,0.18,74.06960000000001,0,Emerging Value
MS-17980,Michael Stewart,6,855.116,55.226,49,0.17272727272727273,77.73781818181818,0,Emerging Value
MT-17815,Meg Tillman,6,2890.139,509.0068,31,0.12999999999999998,289.01390000000004,3,Low Value
MT-18070,Michelle Tran,4,1319.4498,-23.676300000000005,44,0.2427272727272727,119.94998181818183,0,Emerging Value
MV-17485,Mark Van Huff,9,1560.05,189.0258,52,0.24000000000000002,104.00333333333333,2,Medium Value
MV-18190,Mike Vittorini,7,1734.574,273.8582,37,0.08636363636363636,157.68854545454545,3,Low Value
MW-18220,Mitch Webber,7,5341.900000000001,1238.422,51,0.07857142857142858,381.56428571428575,2,Medium Value
MW-18235,Mitch Willingham,2,5253.876,1665.516,13,0.06666666666666667,1751.2920000000001,1,High Value
MY-17380,Maribeth Yedwab,7,2254.285,319.1211,49,0.3076923076923077,173.40653846153845,0,Emerging Value
MY-18295,Muhammed Yedwab,11,4152.696,-371.7111,89,0.2438095238095238,197.74742857142857,2,Medium Value
MZ-17335,Maria Zettner,4,593.606,85.01910000000001,11,0.06666666666666667,98.93433333333333,3,Low Value
MZ-17515,Mary Zewe,6,2564.906,787.7503,39,0.27999999999999997,256.4906,0,Emerging Value
NB-18580,Nicole Brennan,2,273.87199999999996,24.788800000000002,7,0.1,136.93599999999998,3,Low Value
NB-18655,Nona Balk,9,1972.599,117.6429,64,0.1735294117647059,116.03523529411764,2,Medium Value
NC-18340,Nat Carroll,5,2461.404,580.3075,54,0.0411764705882353,144.7884705882353,3,Low Value
NC-18415,Nathan Cano,6,2218.9900000000002,-2204.8072,38,0.2642857142857143,158.49928571428572,0,Emerging Value
NC-18535,Nick Crebassa,7,8241.739,1314.758,64,0.13666666666666666,549.4492666666666,1,High Value
NC-18625,Noah Childs,5,1821.742,-359.02099999999996,29,0.24444444444444446,202.41577777777778,0,Emerging Value
ND-18370,Natalie DeCherney,9,4326.139,353.64549999999997,63,0.21111111111111114,240.34105555555556,2,Medium Value
ND-18460,Neil Ducich,6,2893.455,443.33680000000004,36,0.0875,361.681875,3,Low Value
NF-18385,Natalie Fritzler,7,8322.826,-1695.9714,52,0.25,594.4875714285714,2,Medium Value
NF-18475,Neil Französisch,4,377.16200000000003,85.92779999999999,13,0.25,94.29050000000001,0,Emerging Value
NF-18595,Nicole Fjeld,7,2031.472,388.2131,55,0.11666666666666668,169.28933333333333,3,Low Value
NG-18355,Nat Gilpin,5,1869.58,313.63349999999997,45,0.08750000000000001,116.84875,3,Low Value
NG-18430,Nathan Gelder,5,1395.9379999999999,217.0893,41,0.1111111111111111,155.1042222222222,3,Low Value
NH-18610,Nicole Hansen,7,2673.29,760.1666,52,0.05454545454545456,243.02636363636364,3,Low Value
NK-18490,Neil Knudson,7,572.048,121.2177,51,0.1272727272727273,52.004363636363635,3,Low Value
NL-18310,Nancy Lomonaco,4,1418.0900000000001,343.6381,44,0.06000000000000001,141.80900000000003,3,Low Value
NM-18445,Nathan Mautz,7,6459.344,2751.6848999999997,44,0.042857142857142864,461.3817142857143,1,High Value
NM-18520,Neoma Murray,10,2161.979,788.9525000000001,60,0.26,144.1319333333333,2,Medium Value
NP-18325,Naresj Patel,6,5529.62,1208.8890000000001,77,0.05714285714285715,263.3152380952381,2,Medium Value
NP-18670,Nora Paige,5,3908.402,514.6002,46,0.02,390.8402,3,Low Value
NP-18685,Nora Pelletier,6,1228.698,514.5017,23,0.18571428571428572,175.52828571428572,0,Emerging Value
NP-18700,Nora Preis,7,7903.1825,631.2282,63,0.19615384615384618,607.9371153846154,1,High Value
NR-18550,Nick Radford,5,2367.277,-25.148799999999966,37,0.22307692307692306,182.09823076923078,0,Emerging Value
NS-18505,Neola Schneider,4,2575.863,-12.303999999999997,52,0.20666666666666667,171.7242,0,Emerging Value
NS-18640,Noel Staavos,13,2964.823,-234.7714,113,0.21538461538461537,114.03165384615384,2,Medium Value
NW-18400,Natalie Webber,7,7234.014,1023.123,78,0.21363636363636365,328.8188181818182,2,Medium Value
NZ-18565,Nick Zandusky,9,2488.31,402.4236,77,0.175,124.4155,2,Medium Value
ON-18715,Odella Nelson,9,1567.52,-5.88900000000001,58,0.16,104.50133333333333,2,Medium Value
OT-18730,Olvera Toch,5,3818.624,-925.1203,51,0.15999999999999998,381.8624,0,Emerging Value
PA-19060,Pete Armstrong,6,729.408,225.8588,27,0.1857142857142857,104.20114285714286,0,Emerging Value
PB-18805,Patrick Bzostek,3,740.356,229.2257,54,0.12000000000000002,74.0356,3,Low Value
PB-19105,Peter Bühler,4,688.324,218.15970000000002,18,0.12000000000000002,137.66479999999999,3,Low Value
PB-19150,Philip Brown,8,1456.95,280.6606,54,0.1272727272727273,132.45000000000002,2,Medium Value
PB-19210,Phillip Breyer,2,132.738,21.897000000000002,10,0.1,66.369,3,Low Value
PC-18745,Pamela Coakley,4,1832.064,272.685,22,0.22000000000000003,366.4128,0,Emerging Value
PC-19000,Pauline Chand,2,1061.488,-184.3364,18,0.13333333333333333,353.82933333333335,3,Low Value
PF-19120,Peter Fuller,4,9062.864,-614.2943000000001,75,0.12105263157894738,476.99284210526315,2,Medium Value
PF-19165,Philip Fox,6,2770.0,196.87389999999996,34,0.05,277.0,3,Low Value
PF-19225,Phillip Flathmann,5,2206.1279999999997,591.3118000000001,32,0.06000000000000001,220.61279999999996,3,Low Value
PG-18820,Patrick Gardner,13,3086.907,137.46130000000002,83,0.16923076923076924,118.72719230769232,2,Medium Value
PG-18895,Paul Gonzalez,9,1987.164,334.5163,61,0.09411764705882353,116.892,2,Medium Value
PH-18790,Patricia Hirasaki,1,729.648,47.8878,6,0.2,364.824,0,Emerging Value
PJ-18835,Patrick Jones,8,1220.09,442.1355,46,0.07692307692307693,93.85307692307691,3,Low Value
PJ-19015,Pauline Johnson,7,1824.2340000000002,682.9979000000001,25,0.08,182.42340000000002,3,Low Value
PK-18910,Paul Knutson,2,1441.152,-798.705,14,0.3666666666666667,480.384,0,Emerging Value
PK-19075,Pete Kriz,12,8646.934,2038.2676000000001,107,0.07600000000000001,345.87735999999995,1,High Value
PL-18925,Paul Lucas,5,239.481,-0.7527000000000026,29,0.25,29.935125,0,Emerging Value
PM-18940,Paul MacIntyre,3,1405.402,157.8768,16,0.15,351.3505,3,Low Value
PM-19135,Peter McVee,4,4115.662,526.7537,36,0.1285714285714286,587.9517142857143,3,Low Value
PN-18775,Parhena Norris,8,1467.152,192.0396,47,0.12307692307692308,112.85784615384615,3,Low Value
PO-18850,Patrick O'Brill,11,7473.8282,38.47569999999996,91,0.21,339.7194636363636,2,Medium Value
PO-18865,Patrick O'Donnell,7,2493.214,437.8533,54,0.04615384615384616,191.7856923076923,3,Low Value
PO-19180,Philisse Overcash,9,4893.043,1155.4331,65,0.10555555555555557,271.8357222222222,2,Medium Value
PO-19195,Phillina Ober,5,1056.858,-49.70089999999999,32,0.19,105.6858,0,Emerging Value
PP-18955,Paul Prost,10,7252.608,1495.0854,138,0.1088235294117647,213.312,2,Medium Value
PR-18880,Patrick Ryan,5,1840.178,247.6226,43,0.11666666666666668,153.34816666666669,3,Low Value
PS-18760,Pamela Stobb,6,2181.479,-134.441,75,0.22380952380952382,103.87995238095237,2,Medium Value
PS-18970,Paul Stevenson,8,1278.639,198.5099,52,0.05384615384615384,98.35684615384615,3,Low Value
PS-19045,Penelope Sewall,7,6843.634,1742.7296999999999,47,0.0846153846153846,526.4333846153846,1,High Value
PT-19090,Pete Takahito,4,160.572,-20.0508,19,0.37142857142857144,22.93885714285714,0,Emerging Value
PV-18985,Paul Van Hugh,5,2876.046,434.52840000000003,52,0.08461538461538462,221.23430769230768,3,Low Value
PW-19030,Pauline Webber,10,3454.916,803.8169,48,0.038461538461538464,265.76276923076927,2,Medium Value
PW-19240,Pierre Wener,7,3922.4150000000004,1290.354,39,0.1708333333333333,326.8679166666667,2,Medium Value
QJ-19255,Quincy Jones,9,6108.338,1203.6768,61,0.12307692307692308,469.8721538461538,2,Medium Value
RA-19285,Ralph Arnett,9,2617.906,546.0882,58,0.1647058823529412,153.9944705882353,2,Medium Value
RA-19885,Ruben Ausman,7,3832.314,1292.8656,53,0.04000000000000001,255.4876,3,Low Value
RA-19915,Russell Applegate,9,4793.543,304.8673,75,0.27954545454545454,217.88831818181816,2,Medium Value
RA-19945,Ryan Akin,5,1686.9225,-445.695,27,0.31666666666666665,187.43583333333333,0,Emerging Value
RB-19330,Randy Bradley,2,1008.1959999999999,-164.40619999999998,16,0.3166666666666667,168.03266666666664,0,Emerging Value
RB-19360,Raymond Buch,6,15117.339,6976.0959,71,0.09444444444444444,839.8521666666667,1,High Value
RB-19435,Richard Bierner,8,2663.0860000000002,477.23990000000003,66,0.1625,166.44287500000002,2,Medium Value
RB-19465,Rick Bensley,12,4715.466,640.5466,85,0.13478260869565217,205.02026086956522,2,Medium Value
RB-19570,Rob Beeghly,5,528.546,76.8879,35,0.16666666666666666,58.72733333333334,3,Low Value
RB-19645,Robert Barroso,5,221.084,72.679,29,0.14285714285714285,31.583428571428573,3,Low Value
RB-19705,Roger Barcio,4,2067.45,243.07549999999998,22,0.1571428571428571,295.34999999999997,3,Low Value
RB-19795,Ross Baird,8,5633.316000000001,-461.73319999999995,92,0.25,312.96200000000005,2,Medium Value
RC-19825,Roy Collins,6,966.409,63.991400000000006,29,0.11000000000000001,96.6409,3,Low Value
RC-19960,Ryan Crowe,6,885.752,10.563300000000002,44,0.17272727272727273,80.52290909090908,0,Emerging Value
RD-19480,Rick Duston,8,4272.93,480.594,60,0.10666666666666667,284.862,2,Medium Value
RD-19585,Rob Dowd,10,2912.8940000000002,734.5158,73,0.03157894736842106,153.3102105263158,2,Medium Value
RD-19660,Robert Dilbeck,5,2786.632,835.772,23,0.08,557.3264,3,Low Value
RD-19720,Roger Demir,10,1419.737,207.3304,78,0.1575,70.98685,2,Medium Value
RD-19810,Ross DeVincentis,8,1137.616,318.4625,63,0.1875,71.101,2,Medium Value
RD-19900,Ruben Dartt,9,3133.924,455.5292,85,0.05714285714285715,149.2344761904762,2,Medium Value
RD-19930,Russell D'Ascenzo,4,970.9420000000001,35.05740000000001,33,0.31,97.09420000000001,0,Emerging Value
RE-19405,Ricardo Emerson,1,48.36,6.045,5,0.2,48.36,0,Emerging Value
RE-19450,Richard Eichhorn,5,876.696,209.2294,47,0.13333333333333333,97.41066666666667,3,Low Value
RF-19345,Randy Ferguson,8,3309.15,633.7072000000001,67,0.1375,206.821875,2,Medium Value
RF-19735,Roland Fjeld,7,2341.2960000000003,711.6168,53,0.014285714285714287,167.2354285714286,3,Low Value
RF-19840,Roy Französisch,8,945.222,280.0261,45,0.0818181818181818,85.92927272727273,3,Low Value
RH-19495,Rick Hansen,5,3621.3759999999997,563.7877,38,0.1,452.67199999999997,3,Low Value
RH-19510,Rick Huthwaite,6,6979.18,1289.4535,43,0.03333333333333333,581.5983333333334,1,High Value
RH-19555,Ritsa Hightower,2,740.382,0.30570000000000164,11,0.5333333333333333,246.79399999999998,0,Emerging Value
RH-19600,Rob Haberlin,3,2085.7400000000002,172.6261,43,0.10909090909090909,189.61272727272728,3,Low Value
RK-19300,Ralph Kennedy,3,1460.192,269.688,29,0.07500000000000001,182.524,3,Low Value
RL-19615,Rob Lucas,8,6234.91,488.14840000000004,101,0.21875,259.78791666666666,2,Medium Value
RM-19375,Raymond Messe,6,1453.474,392.1499,29,0.044444444444444446,161.4971111111111,3,Low Value
RM-19675,Robert Marley,5,5979.0960000000005,1902.5438000000001,39,0.045454545454545456,543.5541818181819,1,High Value
RM-19750,Roland Murray,1,98.35,28.6879,4,0.0,49.175,3,Low Value
RO-19780,Rose O'Brian,7,3815.478,-1262.5716000000002,48,0.2916666666666667,317.9565,0,Emerging Value
RP-19270,Rachel Payne,4,954.6452,59.538399999999996,47,0.19333333333333336,79.55376666666668,0,Emerging Value
RP-19390,Resi Pölking,12,5153.084,465.25030000000015,88,0.14800000000000002,206.12336,2,Medium Value
RP-19855,Roy Phan,8,2170.716,594.5868,61,0.13333333333333333,144.71439999999998,2,Medium Value
RR-19315,Ralph Ritter,2,615.932,-73.835,7,0.27499999999999997,153.983,0,Emerging Value
RR-19525,Rick Reed,6,3302.2619999999997,721.6826,36,0.06000000000000001,330.22619999999995,3,Low Value
RS-19420,Ricardo Sperren,5,3221.29,633.4513999999999,29,0.0,357.9211111111111,3,Low Value
RS-19765,Roland Schwarz,8,4159.7699999999995,1206.3851,54,0.1142857142857143,297.12642857142856,2,Medium Value
RS-19870,Roy Skaria,2,22.328,9.5838,10,0.06666666666666667,7.442666666666667,3,Low Value
RW-19540,Rick Wilson,7,7397.401,1586.6273,89,0.13478260869565217,321.6261304347826,2,Medium Value
RW-19630,Rob Williams,9,3279.746,698.8325,53,0.1375,204.984125,2,Medium Value
RW-19690,Robert Waldorf,5,3495.646,707.5503,61,0.07333333333333333,233.04306666666668,3,Low Value
SA-20830,Sue Ann Reed,10,4767.3415,610.1496000000001,75,0.19285714285714284,227.01626190476193,2,Medium Value
SB-20170,Sarah Bern,3,1348.02,157.6658,24,0.18571428571428572,192.5742857142857,0,Emerging Value
SB-20185,Sarah Brown,6,6410.996,885.4623999999999,45,0.1416666666666667,534.2496666666667,1,High Value
SB-20290,Sean Braxton,7,8057.891,-2082.7451,84,0.24117647058823527,473.9935882352941,2,Medium Value
SC-20020,Sam Craven,5,3362.9636,-317.0508,62,0.21882352941176472,197.8213882352941,0,Emerging Value
SC-20050,Sample Company A,9,4624.572,1011.7443,61,0.18666666666666668,308.3048,2,Medium Value
SC-20095,Sanjit Chand,9,14142.333999999999,5757.411899999999,87,0.06363636363636364,642.8333636363636,1,High Value
SC-20230,Scot Coram,4,4371.9580000000005,440.14099999999996,49,0.10909090909090911,397.4507272727273,3,Low Value
SC-20260,Scott Cohen,8,3729.7929999999997,671.0033999999999,63,0.19722222222222222,207.21072222222222,2,Medium Value
SC-20305,Sean Christensen,7,3979.065,229.1617,64,0.21666666666666667,331.58875,2,Medium Value
SC-20380,Shahid Collister,9,5992.536,236.66149999999996,80,0.19,299.6268,2,Medium Value
SC-20440,Shaun Chance,7,1874.998,379.5611,44,0.27999999999999997,187.4998,0,Emerging Value
SC-20575,Sonia Cooley,5,902.7280000000001,100.2253,30,0.34285714285714286,128.96114285714287,0,Emerging Value
SC-20680,Steve Carroll,6,1254.64,370.1578,26,0.0,156.83,3,Low Value
SC-20695,Steve Chapman,10,2576.408,611.8291,66,0.15714285714285717,184.02914285714286,2,Medium Value
SC-20725,Steven Cartwright,11,5226.21,1276.6513,133,0.15000000000000002,201.0080769230769,2,Medium Value
SC-20770,Stewart Carmichael,7,4492.657,-671.1874,75,0.30476190476190473,213.93604761904763,2,Medium Value
SC-20800,Stuart Calhoun,4,279.25600000000003,51.8252,11,0.12000000000000002,55.851200000000006,3,Low Value
SC-20845,Sung Chung,2,280.632,31.1757,13,0.2,70.158,0,Emerging Value
SD-20485,Shirley Daniels,9,6121.114,1985.1671999999999,82,0.10476190476190476,291.481619047619,2,Medium Value
SE-20110,Sanjit Engle,11,12209.438000000002,2650.6769,78,0.1105263157894737,642.6020000000001,1,High Value
SF-20065,Sandra Flanagan,7,763.5459999999999,228.1623,35,0.1,84.83844444444443,3,Low Value
SF-20200,Sarah Foster,9,3422.7859999999996,286.9046,74,0.12666666666666665,228.1857333333333,2,Medium Value
SF-20965,Sylvia Foulston,9,3336.535,539.9352,66,0.2705882352941177,196.26676470588234,2,Medium Value
SG-20080,Sandra Glassco,3,3406.5809999999997,570.438,30,0.06818181818181818,309.6891818181818,3,Low Value
SG-20470,Sheri Gordon,8,1884.798,-119.0105,62,0.15,134.62842857142857,2,Medium Value
SG-20605,Speros Goranitis,6,3124.832,463.269,49,0.09230769230769233,240.37169230769229,3,Low Value
SG-20890,Susan Gilcrest,3,47.946,-3.7073,17,0.4,9.5892,0,Emerging Value
SH-19975,Sally Hughsby,13,3406.8395,558.4739999999999,113,0.13620689655172413,117.47722413793103,2,Medium Value
SH-20395,Shahid Hopkins,10,2180.718,-144.5229,45,0.23333333333333334,145.38119999999998,2,Medium Value
SH-20635,Stefanie Holloman,2,2096.392,260.6258,16,0.2,1048.196,0,Emerging Value
SJ-20125,Sanjit Jacobs,12,3949.656,144.1189,104,0.23333333333333336,164.569,2,Medium Value
SJ-20215,Sarah Jordon,6,1341.036,-23.5137,35,0.37,134.1036,0,Emerging Value
SJ-20500,Shirley Jackson,5,1318.776,68.09629999999999,30,0.14285714285714285,188.39657142857143,3,Low Value
SK-19990,Sally Knutson,3,883.409,168.7933,19,0.22000000000000003,176.6818,0,Emerging Value
SL-20155,Sara Luxemburg,7,3053.012,527.9715,30,0.17777777777777778,339.22355555555555,3,Low Value
SM-20005,Sally Matthias,4,244.49399999999997,-26.5927,26,0.26666666666666666,40.748999999999995,0,Emerging Value
SM-20320,Sean Miller,5,25043.05,-1980.7393,50,0.24666666666666667,1669.5366666666666,1,High Value
SM-20905,Susan MacKendrick,1,1043.041,-237.2885,20,0.2833333333333333,173.84016666666665,0,Emerging Value
SM-20950,Suzanne McNair,12,5563.392,581.5741999999999,94,0.1272727272727273,252.88145454545455,2,Medium Value
SN-20560,Skye Norling,6,1860.418,-716.8565000000001,67,0.1733333333333333,124.02786666666665,0,Emerging Value
SN-20710,Steve Nguyen,7,3127.9592,481.74989999999997,89,0.1168421052631579,164.62943157894736,2,Medium Value
SO-20335,Sean O'Donnell,6,2602.5755,-81.0858,52,0.1366666666666667,173.50503333333333,3,Low Value
SP-20545,Sibella Parks,6,1306.086,-118.77570000000001,43,0.26,130.6086,0,Emerging Value
SP-20620,Stefania Perrino,9,5440.319,-270.42819999999995,77,0.25,226.67995833333336,2,Medium Value
SP-20650,Stephanie Phelps,9,1872.4360000000001,268.4782,71,0.15333333333333332,124.82906666666668,2,Medium Value
SP-20860,Sung Pak,10,4282.94,566.7226,80,0.20833333333333334,178.45583333333332,2,Medium Value
SP-20920,Susan Pistek,6,3990.689,14.692400000000003,57,0.2714285714285714,285.0492142857143,0,Emerging Value
SR-20425,Sharelle Roach,5,3233.481,-3333.9144,34,0.36666666666666664,359.27566666666667,0,Emerging Value
SR-20740,Steven Roelle,8,4345.8859999999995,1990.4243999999999,50,0.03333333333333333,362.1571666666666,2,Medium Value
SS-20140,Saphhira Shifley,8,1324.028,332.3487,86,0.11428571428571428,63.04895238095238,2,Medium Value
SS-20410,Shahid Shariari,6,3056.8070000000002,-1010.9738,46,0.25833333333333336,254.7339166666667,0,Emerging Value
SS-20515,Shirley Schmidt,3,613.4,199.93449999999999,36,0.0,102.23333333333333,3,Low Value
SS-20590,Sonia Sunley,6,418.49,135.5401,17,0.0,46.49888888888889,3,Low Value
SS-20875,Sung Shariari,5,964.636,-75.586,39,0.24000000000000002,64.30906666666667,0,Emerging Value
ST-20530,Shui Tom,7,433.34000000000003,84.4419,33,0.20000000000000004,36.11166666666667,0,Emerging Value
SU-20665,Stephanie Ulpright,7,2595.364,763.4719,61,0.13333333333333333,144.1868888888889,2,Medium Value
SV-20365,Seth Vernon,10,11470.949999999999,1199.4242,109,0.15625,358.46718749999997,1,High Value
SV-20785,Stewart Visinsky,9,4105.305,485.0272,91,0.184,164.21220000000002,2,Medium Value
SV-20815,Stuart Van,4,1271.0900000000001,199.6502,24,0.19999999999999998,211.84833333333336,0,Emerging Value
SV-20935,Susan Vittorini,8,1903.491,106.8912,66,0.23076923076923078,146.4223846153846,2,Medium Value
SW-20245,Scot Wooten,7,1085.078,-19.60620000000001,33,0.25999999999999995,108.5078,0,Emerging Value
SW-20275,Scott Williamson,6,1966.65,332.8725,28,0.028571428571428574,280.95,3,Low Value
SW-20350,Sean Wendt,3,1019.044,95.8383,25,0.21666666666666667,169.84066666666666,0,Emerging Value
SW-20455,Shaun Weien,7,2921.544,793.6548,18,0.1111111111111111,324.616,3,Low Value
SW-20755,Steven Ward,2,758.6959999999999,68.2416,27,0.1,94.83699999999999,3,Low Value
SZ-20035,Sam Zeldin,11,3625.329,366.43030000000005,69,0.22000000000000003,181.26645000000002,2,Medium Value
TA-21385,Tom Ashbrook,4,14595.62,4703.7883,36,0.07999999999999999,1459.5620000000001,1,High Value
TB-21055,Ted Butterfield,5,1467.881,390.2113,66,0.05555555555555555,81.54894444444444,3,Low Value
TB-21175,Thomas Boland,4,3589.296,829.1635,36,0.09090909090909091,326.29963636363635,3,Low Value
TB-21190,Thomas Brumley,4,816.1740000000001,179.0038,23,0.025,204.04350000000002,3,Low Value
TB-21250,Tim Brockman,7,1602.376,260.6155,74,0.2473684210526316,84.33557894736842,2,Medium Value
TB-21280,Toby Braunhardt,6,2198.45,490.9567,35,0.1,199.8590909090909,3,Low Value
TB-21355,Todd Boyes,5,834.328,268.967,44,0.06153846153846154,64.17907692307692,3,Low Value
TB-21400,Tom Boeckenhauer,7,9133.99,2798.3689,55,0.07058823529411766,537.2935294117647,1,High Value
TB-21520,Tracy Blumstein,9,4737.486,-1603.0451,85,0.265,236.8743,2,Medium Value
TB-21595,Troy Blackwell,5,1387.559,-136.4091,29,0.2714285714285714,198.2227142857143,0,Emerging Value
TB-21625,Trudy Brown,9,2797.668,379.882,60,0.14,186.5112,2,Medium Value
TC-20980,Tamara Chand,5,19052.218,8981.323900000001,42,0.11666666666666665,1587.6848333333335,1,High Value
TC-21145,Theresa Coyne,1,1038.26,265.5332,17,0.0,259.565,3,Low Value
TC-21295,Toby Carlisle,8,4266.812,606.3727,63,0.13125,266.67575,2,Medium Value
TC-21475,Tony Chapman,9,1244.976,119.104,45,0.2636363636363636,113.17963636363638,0,Emerging Value
TC-21535,Tracy Collins,7,742.5580000000001,217.933,28,0.11000000000000001,74.25580000000001,3,Low Value
TD-20995,Tamara Dahlen,9,1434.5480000000002,88.1897,67,0.24375000000000002,89.65925000000001,2,Medium Value
TG-21310,Toby Gnade,5,3058.372,682.1704,30,0.2111111111111111,339.8191111111111,0,Emerging Value
TG-21640,Trudy Glocke,4,2074.661,365.7205,50,0.13,207.4661,3,Low Value
TH-21100,Thea Hendricks,5,2422.824,-135.2125,29,0.17142857142857146,346.11771428571427,0,Emerging Value
TH-21115,Thea Hudgings,4,2942.772,-252.5539,29,0.23333333333333334,326.9746666666667,0,Emerging Value
TH-21235,Tiffany House,8,1022.201,92.729,40,0.2076923076923077,78.63084615384615,0,Emerging Value
TH-21550,Tracy Hopkins,7,4234.0960000000005,-571.9678,44,0.06923076923076922,325.6996923076923,3,Low Value
TM-21010,Tamara Manning,8,2955.2259999999997,573.3013,67,0.05263157894736842,155.53821052631577,2,Medium Value
TM-21490,Tony Molinari,3,1094.6779999999999,292.52099999999996,12,0.05,273.66949999999997,3,Low Value
TN-21040,Tanja Norvell,7,3130.221,-692.0452,48,0.19999999999999998,260.85175,0,Emerging Value
TP-21130,Theone Pippenger,9,4454.0560000000005,1129.1261,55,0.08750000000000001,278.37850000000003,2,Medium Value
TP-21415,Tom Prescott,5,5329.0048,-1087.3898,39,0.462,532.90048,0,Emerging Value
TP-21565,Tracy Poddar,4,1936.6399999999999,139.22869999999995,48,0.24,193.664,0,Emerging Value
TR-21325,Toby Ritter,5,675.9419999999999,220.36440000000002,22,0.028571428571428574,96.56314285714284,3,Low Value
TS-21085,Thais Sissman,2,4.833,-3.3156,4,0.7,2.4165,0,Emerging Value
TS-21160,Theresa Swint,6,2163.6240000000003,260.87440000000004,60,0.22352941176470587,127.27200000000002,0,Emerging Value
TS-21205,Thomas Seio,7,5371.09,862.8877,67,0.15789473684210525,282.68894736842105,2,Medium Value
TS-21340,Toby Swindell,5,974.7819999999999,-184.97889999999998,51,0.2833333333333333,81.23183333333333,0,Emerging Value
TS-21370,Todd Sumrall,6,11891.751,2371.7144000000003,59,0.11666666666666667,792.7834,1,High Value
TS-21430,Tom Stivers,5,2054.14,48.70169999999999,31,0.15714285714285717,293.4485714285714,3,Low Value
TS-21505,Tony Sayre,6,2243.274,11.377899999999983,54,0.19285714285714287,160.23385714285715,0,Emerging Value
TS-21610,Troy Staebel,7,2820.424,-294.6981,44,0.3727272727272727,256.4021818181818,0,Emerging Value
TS-21655,Trudy Schmidt,5,3368.094,220.91629999999998,52,0.19285714285714287,240.57814285714286,0,Emerging Value
TT-21070,Ted Trevino,7,4915.602,751.9567,66,0.1142857142857143,351.11442857142856,2,Medium Value
TT-21220,Thomas Thornton,8,1427.0439999999999,278.7371,55,0.21333333333333335,95.13626666666666,2,Medium Value
TT-21265,Tim Taslimi,3,439.5,93.9162,8,0.0,146.5,3,Low Value
TT-21460,Tonja Turnell,7,5364.808,1124.4999,48,0.1285714285714286,383.20057142857144,2,Medium Value
TW-21025,Tamara Willingham,7,5278.826,737.3905,57,0.10000000000000002,439.9021666666667,2,Medium Value
TZ-21580,Tracy Zic,4,1707.286,224.8887,30,0.08888888888888889,189.69844444444445,3,Low Value
VB-21745,Victoria Brennan,6,2005.596,371.2398,37,0.16999999999999998,200.5596,3,Low Value
VD-21670,Valerie Dominguez,6,6442.254,1617.7874000000002,71,0.07500000000000001,402.640875,1,High Value
VF-21715,Vicky Freymann,5,847.944,-96.27799999999999,35,0.06363636363636363,77.08581818181818,3,Low Value
VG-21790,Vivek Gonzalez,6,846.01,143.6268,32,0.07500000000000001,105.75125,3,Low Value
VG-21805,Vivek Grady,5,427.372,-52.333,16,0.10000000000000002,71.22866666666667,3,Low Value
VM-21685,Valerie Mitchum,7,2454.866,513.5269,37,0.10000000000000002,204.57216666666667,3,Low Value
VM-21835,Vivian Mathis,5,380.69,116.6373,25,0.11249999999999999,47.58625,3,Low Value
VP-21730,Victor Preis,3,993.9019999999999,205.3888,18,0.04,198.7804,3,Low Value
VP-21760,Victoria Pisteka,7,3360.526,-1018.7768,65,0.17142857142857143,240.03757142857143,2,Medium Value
VS-21820,Vivek Sundaresam,4,1055.981,-262.8093,38,0.475,131.997625,0,Emerging Value
VT-21700,Valerie Takahito,2,1736.596,-224.08889999999997,42,0.3333333333333333,192.9551111111111,0,Emerging Value
VW-21775,Victoria Wilson,10,6134.0380000000005,-874.6645,77,0.1611111111111111,340.77988888888893,2,Medium Value
WB-21850,William Brown,11,6160.102,714.3311,146,0.2054054054054054,166.48924324324324,2,Medium Value
XP-21865,Xylona Preis,11,2374.658,621.23,100,0.04642857142857143,84.80921428571428,2,Medium Value
YC-21895,Yoseph Carroll,5,5454.35,1305.629,31,0.07500000000000001,681.79375,1,High Value
YS-21880,Yana Sorensen,8,6720.4439999999995,1778.2923,58,0.05000000000000001,560.0369999999999,1,High Value
ZC-21910,Zuschuss Carroll,13,8025.707,-1032.1490000000001,105,0.25483870967741934,258.8937741935484,2,Medium Value
ZD-21925,Zuschuss Donatelli,5,1493.944,249.1307,32,0.1111111111111111,165.99377777777778,3,Low Value
